StartDate,EndDate,Status,IPAddress,Progress,Duration (in seconds),Finished,RecordedDate,ResponseId,RecipientLastName,RecipientFirstName,RecipientEmail,ExternalReference,LocationLatitude,LocationLongitude,DistributionChannel,UserLanguage,Q4,Q36_First Click,Q36_Last Click,Q36_Page Submit,Q36_Click Count,Q37,Q7,Q8,Q8_4_TEXT,Q35,Q35_7_TEXT,Q11,Q10,Q1,Condition
Start Date,End Date,Response Type,IP Address,Progress,Duration (in seconds),Finished,Recorded Date,Response ID,Recipient Last Name,Recipient First Name,Recipient Email,External Data Reference,Location Latitude,Location Longitude,Distribution Channel,User Language,"Thank you for interest in participating in this survey.
DESCRIPTION: Red Hook Media Lab is currently exploring the relationship between media and civic participation.

 

COMPENSATION: For your participation in this survey, you will receive $0.15,  which is dependent on your successful completion of the survey. 
CONFIDENTIALITY:  Please be aware that your MTurk Worker ID can potentially be linked to information about you on your Amazon public profile page, depending on the settings you have for your Amazon profile.  We will not be accessing any personally identifying information about you that you may have put on your Amazon public profile page.

 

Your participation and responses will remain confidential. Any reports and presentations about the findings from this study will not include your name or any other information that could identify you.  

 

SUBJECT’S RIGHTS: Your participation is voluntary.  You may stop participating at any time by closing the browser window or the program to withdraw from the study. Partial data will not be analyzed. 


For additional questions about this research, you may contact:  

 

 •  info@redhookmedialab.com

  Please indicate, in the box below, that you are at least 18 years old, have read and understand this consent form, and you agree to participate in this online research study and answer questions honestly.",Timing - First Click,Timing - Last Click,Timing - Page Submit,Timing - Click Count,How many different people we featured in the previous video?,How old are you in years?,What is your gender? - Selected Choice,What is your gender? - Other - Please specify - Text,I identify my ethnicity as: - Selected Choice,I identify my ethnicity as: - Other - Please specify - Text,"Do you intend to vote in the midterm elections on November 6, 2018?","Politically, do you:",Are you a registered voter?,Condition
"{""ImportId"":""startDate"",""timeZone"":""America/Denver""}","{""ImportId"":""endDate"",""timeZone"":""America/Denver""}","{""ImportId"":""status""}","{""ImportId"":""ipAddress""}","{""ImportId"":""progress""}","{""ImportId"":""duration""}","{""ImportId"":""finished""}","{""ImportId"":""recordedDate"",""timeZone"":""America/Denver""}","{""ImportId"":""_recordId""}","{""ImportId"":""recipientLastName""}","{""ImportId"":""recipientFirstName""}","{""ImportId"":""recipientEmail""}","{""ImportId"":""externalDataReference""}","{""ImportId"":""locationLatitude""}","{""ImportId"":""locationLongitude""}","{""ImportId"":""distributionChannel""}","{""ImportId"":""userLanguage""}","{""ImportId"":""QID4""}","{""ImportId"":""QID36_FIRST_CLICK""}","{""ImportId"":""QID36_LAST_CLICK""}","{""ImportId"":""QID36_PAGE_SUBMIT""}","{""ImportId"":""QID36_CLICK_COUNT""}","{""ImportId"":""QID37""}","{""ImportId"":""QID7_TEXT""}","{""ImportId"":""QID8""}","{""ImportId"":""QID8_4_TEXT""}","{""ImportId"":""QID35""}","{""ImportId"":""QID35_7_TEXT""}","{""ImportId"":""QID11""}","{""ImportId"":""QID10""}","{""ImportId"":""QID1""}","{""ImportId"":""Condition""}"
2018-11-01 13:24:09,2018-11-01 13:24:29,IP Address,135.84.223.214,100,20,True,2018-11-01 13:24:29,R_3rOjYzHSmUN35v4,,,,,41.8719940185546875,-103.66190338134765625,anonymous,EN,Yes- I consent,,,,,,26,Male,,Caucasian,,Maybe,Lean Democrat,Yes,2
2018-11-01 13:24:00,2018-11-01 13:24:32,IP Address,68.204.162.117,100,32,True,2018-11-01 13:24:32,R_11132SAkZQCZAQS,,,,,28.3134002685546875,-80.731903076171875,anonymous,EN,Yes- I consent,,,,,,26,Female,,Caucasian,,No,Lean Democrat,No,2
2018-11-01 13:24:13,2018-11-01 13:24:36,IP Address,67.11.50.189,100,23,True,2018-11-01 13:24:36,R_1H64784azhYi31x,,,,,29.893096923828125,-98.685699462890625,anonymous,EN,Yes- I consent,,,,,,31,Male,,Caucasian,,Yes,Lean Democrat,Yes,2
2018-11-01 13:24:17,2018-11-01 13:24:36,IP Address,128.205.102.12,100,19,True,2018-11-01 13:24:37,R_29vurk2Sgk7xWCe,,,,,42.768402099609375,-78.8871002197265625,anonymous,EN,Yes- I consent,,,,,,36,Male,,Caucasian,,Yes,Lean Democrat,Yes,2
2018-11-01 13:24:11,2018-11-01 13:24:47,IP Address,99.87.240.53,100,36,True,2018-11-01 13:24:47,R_1oASMjjAGQitmUH,,,,,34.1060028076171875,-84.5117034912109375,anonymous,EN,Yes- I consent,,,,,,32,Male,,Caucasian,,Maybe,Somewhere in-between,No,2
2018-11-01 13:24:20,2018-11-01 13:24:50,IP Address,216.49.121.116,100,29,True,2018-11-01 13:24:50,R_SHmg99ihp44a2BP,,,,,38.2978973388671875,-86.95330047607421875,anonymous,EN,Yes- I consent,,,,,,31,Female,,Caucasian,,Yes,Lean Republican,Yes,2
2018-11-01 13:24:25,2018-11-01 13:24:51,IP Address,23.123.107.108,100,25,True,2018-11-01 13:24:51,R_xu3WOCruADUwvGp,,,,,29.6313018798828125,-82.58139801025390625,anonymous,EN,Yes- I consent,,,,,,37,Female,,Caucasian,,Yes,Lean Republican,Yes,2
2018-11-01 13:24:28,2018-11-01 13:24:51,IP Address,75.97.41.155,100,22,True,2018-11-01 13:24:51,R_8wBnXjW9ZrqyPrr,,,,,40.8321990966796875,-76.738800048828125,anonymous,EN,Yes- I consent,,,,,,43,Female,,Caucasian,,Yes,Somewhere in-between,Yes,2
2018-11-01 13:23:49,2018-11-01 13:24:54,IP Address,68.41.82.191,100,64,True,2018-11-01 13:24:54,R_2rTni7Ox5cDDuED,,,,,42.944000244140625,-85.62129974365234375,anonymous,EN,Yes- I consent,39.776,40.37,41.497,2,3,22,Male,,Caucasian,,Yes,Somewhere in-between,Yes,1
2018-11-01 13:24:15,2018-11-01 13:25:01,IP Address,35.136.179.95,100,46,True,2018-11-01 13:25:01,R_2BfdxgXEUFVdciq,,,,,39.768402099609375,-86.15799713134765625,anonymous,EN,Yes- I consent,,,,,,65,Female,,Caucasian,,Yes,Lean Republican,Yes,2
2018-11-01 13:24:42,2018-11-01 13:25:03,IP Address,165.155.120.6,100,21,True,2018-11-01 13:25:03,R_CdeEo19njwMJqJX,,,,,40.675994873046875,-73.92060089111328125,anonymous,EN,Yes- I consent,,,,,,30,Male,,Caucasian,,Yes,Lean Democrat,Yes,2
2018-11-01 13:24:51,2018-11-01 13:25:09,IP Address,64.107.60.194,100,17,True,2018-11-01 13:25:09,R_3KrVAr3YutjfLmf,,,,,41.6403961181640625,-88.06960296630859375,anonymous,EN,Yes- I consent,,,,,,33,Female,,Caucasian,,Yes,Lean Republican,Yes,2
2018-11-01 13:24:52,2018-11-01 13:25:19,IP Address,207.144.25.221,100,26,True,2018-11-01 13:25:19,R_PFpEE1yhSlxAHmh,,,,,33.5529937744140625,-81.71939849853515625,anonymous,EN,Yes- I consent,,,,,,30,Male,,Caucasian,,Yes,Lean Republican,Yes,2
2018-11-01 13:24:17,2018-11-01 13:25:20,IP Address,99.203.1.164,100,62,True,2018-11-01 13:25:20,R_3QDCMEGdFOMYTQv,,,,,40.0532073974609375,-83.022003173828125,anonymous,EN,Yes- I consent,,,,,,23,Female,,Caucasian,,Yes,Lean Democrat,Yes,2
2018-11-01 13:24:32,2018-11-01 13:25:21,IP Address,99.173.179.90,100,48,True,2018-11-01 13:25:21,R_1oisJkDVR6ZPhe0,,,,,36.5596923828125,-87.409698486328125,anonymous,EN,Yes- I consent,,,,,,27,Female,,Caucasian,,Maybe,Somewhere in-between,,2
2018-11-01 13:24:13,2018-11-01 13:25:22,IP Address,71.82.73.120,100,69,True,2018-11-01 13:25:22,R_3G977goiO2sZydi,,,,,42.4053955078125,-83.7942962646484375,anonymous,EN,Yes- I consent,40.915,40.915,42.81,1,3,61,Female,,Caucasian,,Yes,Lean Democrat,Yes,1
2018-11-01 13:25:01,2018-11-01 13:25:22,IP Address,173.12.215.193,100,20,True,2018-11-01 13:25:22,R_XL1vpFUhb2hKqGJ,,,,,28.9340972900390625,-81.95989990234375,anonymous,EN,Yes- I consent,,,,,,24,Female,,Caucasian,,Maybe,Somewhere in-between,Yes,2
2018-11-01 13:24:50,2018-11-01 13:25:22,IP Address,65.202.207.34,100,31,True,2018-11-01 13:25:22,R_3jcx11wbX1Vt1zm,,,,,38.8502044677734375,-77.14479827880859375,anonymous,EN,Yes- I consent,,,,,,29,Female,,Caucasian,,Maybe,Lean Democrat,Yes,2
2018-11-01 13:25:05,2018-11-01 13:25:25,IP Address,67.175.243.58,100,19,True,2018-11-01 13:25:25,R_2UXUnSBHVpG5g8A,,,,,41.9208984375,-87.7042999267578125,anonymous,EN,Yes- I consent,,,,,,37,Male,,Caucasian,,Yes,Somewhere in-between,Yes,2
2018-11-01 13:25:04,2018-11-01 13:25:26,IP Address,209.206.99.26,100,22,True,2018-11-01 13:25:26,R_eJSOtYttrx7xZst,,,,,34.6215057373046875,-86.4644012451171875,anonymous,EN,Yes- I consent,,,,,,21,Male,,Caucasian,,Maybe,Somewhere in-between,Yes,2
2018-11-01 13:24:16,2018-11-01 13:25:29,IP Address,68.231.247.24,100,72,True,2018-11-01 13:25:29,R_3NyW4BkZrSOHApY,,,,,36.8585052490234375,-76.00189971923828125,anonymous,EN,Yes- I consent,40.811,41.265,41.947,2,3,24,Female,,Caucasian,,Yes,Lean Democrat,Yes,1
2018-11-01 13:24:03,2018-11-01 13:25:30,IP Address,98.167.55.171,100,87,True,2018-11-01 13:25:30,R_1GD10RAeM9DvNQb,,,,,36.038299560546875,-115.14620208740234375,anonymous,EN,Yes- I consent,37.999,59.707,60.667,8,3,30,Female,,Caucasian,,Yes,Lean Democrat,Yes,1
2018-11-01 13:23:59,2018-11-01 13:25:36,IP Address,69.29.215.55,100,96,True,2018-11-01 13:25:36,R_3EKXxav9AmahVj6,,,,,39.7339935302734375,-94.22280120849609375,anonymous,EN,Yes- I consent,48.317,48.317,50.864,1,3,61,Male,,Caucasian,,Yes,Lean Democrat,Yes,1
2018-11-01 13:24:26,2018-11-01 13:25:39,IP Address,69.122.181.184,100,72,True,2018-11-01 13:25:39,R_1dFVnXUsb04BdPU,,,,,40.758697509765625,-73.17369842529296875,anonymous,EN,Yes- I consent,22.174,45.726,46.66,2,3,46,Male,,Caucasian,,Yes,Lean Democrat,Yes,1
2018-11-01 13:25:04,2018-11-01 13:25:42,IP Address,68.197.247.13,100,38,True,2018-11-01 13:25:42,R_2c87VaLqP1nyZOi,,,,,40.6790008544921875,-73.9644012451171875,anonymous,EN,Yes- I consent,,,,,,52,Male,,Caucasian,,Yes,Lean Democrat,Yes,2
2018-11-01 13:24:36,2018-11-01 13:25:42,IP Address,65.99.102.204,100,66,True,2018-11-01 13:25:43,R_2ZDpRWVjz6quTHn,,,,,38.30059814453125,-76.53119659423828125,anonymous,EN,Yes- I consent,38.388,38.388,39.605,1,3,30,Female,,Caucasian,,Yes,Somewhere in-between,Yes,1
2018-11-01 13:24:37,2018-11-01 13:25:43,IP Address,216.223.196.120,100,65,True,2018-11-01 13:25:43,R_OOtUcO5Bia8uM9z,,,,,33.7527008056640625,-78.90709686279296875,anonymous,EN,Yes- I consent,36.689,36.689,37.506,1,3,30,Male,,Caucasian,,Maybe,Somewhere in-between,Yes,1
2018-11-01 13:24:50,2018-11-01 13:25:44,IP Address,71.61.193.44,100,54,True,2018-11-01 13:25:44,R_54lOc92ShMXC0rn,,,,,40.6717987060546875,-80.2917022705078125,anonymous,EN,Yes- I consent,,,,,,63,Female,,Caucasian,,Maybe,Somewhere in-between,Yes,2
2018-11-01 13:24:39,2018-11-01 13:25:46,IP Address,24.5.216.204,100,67,True,2018-11-01 13:25:46,R_2VDEqw90W96EZFQ,,,,,37.756195068359375,-121.95220184326171875,anonymous,EN,Yes- I consent,40.029,40.029,41.579,1,3,43,Female,,Asian,,Maybe,Somewhere in-between,Yes,1
2018-11-01 13:25:28,2018-11-01 13:25:54,IP Address,67.141.85.162,100,25,True,2018-11-01 13:25:54,R_3O2EZpCLnzuEEsx,,,,,40.7848052978515625,-96.643096923828125,anonymous,EN,Yes- I consent,,,,,,26,Male,,Caucasian,,Yes,Lean Republican,Yes,2
2018-11-01 13:24:16,2018-11-01 13:25:55,IP Address,12.4.5.125,100,98,True,2018-11-01 13:25:55,R_1gIlsf2XMraibnb,,,,,33.9496002197265625,-83.99420166015625,anonymous,EN,Yes- I consent,43.644,43.644,44.448,1,3,27,Male,,Caucasian,,Yes,Lean Democrat,Yes,1
2018-11-01 13:25:26,2018-11-01 13:25:56,IP Address,108.202.89.175,100,29,True,2018-11-01 13:25:56,R_20ZqU5dn14lZUbO,,,,,39.0749969482421875,-94.44989776611328125,anonymous,EN,Yes- I consent,,,,,,59,Male,,Caucasian,,Yes,Somewhere in-between,Yes,2
2018-11-01 13:25:40,2018-11-01 13:26:05,IP Address,205.209.14.55,100,24,True,2018-11-01 13:26:05,R_sSam5JcAJZX788V,,,,,36.973602294921875,-112.98290252685546875,anonymous,EN,Yes- I consent,,,,,,26,Female,,Caucasian,,Yes,Lean Republican,Yes,2
2018-11-01 13:25:35,2018-11-01 13:26:06,IP Address,23.240.103.230,100,30,True,2018-11-01 13:26:06,R_3DeDV78pbV76skn,,,,,34.076202392578125,-118.3029022216796875,anonymous,EN,Yes- I consent,,,,,,29,Male,,Caucasian,,Yes,Lean Democrat,Yes,2
2018-11-01 13:25:11,2018-11-01 13:26:06,IP Address,98.242.211.159,100,55,True,2018-11-01 13:26:07,R_3ltQR9DF5NlI0Qj,,,,,26.1847991943359375,-80.2406005859375,anonymous,EN,Yes- I consent,,,,,,68,Female,,Caucasian,,Yes,Lean Democrat,Yes,2
2018-11-01 13:24:28,2018-11-01 13:26:10,IP Address,173.174.179.87,100,101,True,2018-11-01 13:26:10,R_3qm8sjcHQ3atLBA,,,,,29.5550994873046875,-98.74420166015625,anonymous,EN,Yes- I consent,60.862,60.862,67.106,1,3,30,Male,,Other - Please specify,Hispanic,Yes,Lean Democrat,Yes,1
2018-11-01 13:25:00,2018-11-01 13:26:12,IP Address,98.165.72.147,100,71,True,2018-11-01 13:26:12,R_1pEROUdzFLlwnuN,,,,,33.3061981201171875,-111.84130096435546875,anonymous,EN,Yes- I consent,,,,,,66,Female,,Caucasian,,Yes,Lean Republican,Yes,2
2018-11-01 13:24:51,2018-11-01 13:26:15,IP Address,173.217.106.216,100,83,True,2018-11-01 13:26:15,R_2upMxw8RMqfVq5R,,,,,32.632293701171875,-93.28859710693359375,anonymous,EN,Yes- I consent,47.507,47.507,50.271,1,3,38,Female,,"Black/African,Caucasian",,Yes,Somewhere in-between,Yes,1
2018-11-01 13:24:54,2018-11-01 13:26:15,IP Address,97.75.248.100,100,81,True,2018-11-01 13:26:16,R_2Bo0KDPRDoHLKbD,,,,,36.717498779296875,-94.109100341796875,anonymous,EN,Yes- I consent,46.342,46.342,51.584,1,3,55,Female,,Caucasian,,Yes,Lean Republican,Yes,1
2018-11-01 13:25:20,2018-11-01 13:26:22,IP Address,24.95.141.116,100,61,True,2018-11-01 13:26:22,R_30bBvhj61P5L5g2,,,,,37.57989501953125,-84.27490234375,anonymous,EN,Yes- I consent,10.264,39.25,40.53,3,3,24,Female,,Caucasian,,Yes,Lean Democrat,Yes,1
2018-11-01 13:25:26,2018-11-01 13:26:22,IP Address,166.182.244.64,100,56,True,2018-11-01 13:26:22,R_3knUBVCr9qk5ci6,,,,,35.9904022216796875,-77.8468017578125,anonymous,EN,Yes- I consent,,,,,,29,Female,,Caucasian,,Yes,Lean Democrat,Yes,2
2018-11-01 13:25:53,2018-11-01 13:26:24,IP Address,65.246.1.5,100,31,True,2018-11-01 13:26:24,R_3RyFSHQwwQayJX4,,,,,39.3365020751953125,-76.54109954833984375,anonymous,EN,Yes- I consent,,,,,,30,Male,,Asian,,Yes,Lean Democrat,Yes,2
2018-11-01 13:25:12,2018-11-01 13:26:25,IP Address,209.131.251.195,100,73,True,2018-11-01 13:26:25,R_1jPUJ8IF2lJLXw0,,,,,28.4026031494140625,-81.527099609375,anonymous,EN,Yes- I consent,41.598,45.101,45.792,4,3,28,Male,,Caucasian,,Yes,Lean Democrat,Yes,1
2018-11-01 13:26:05,2018-11-01 13:26:32,IP Address,100.37.246.33,100,27,True,2018-11-01 13:26:33,R_216PlyDj2J0UAiH,,,,,40.7505950927734375,-73.82039642333984375,anonymous,EN,Yes- I consent,,,,,,30,Female,,Asian,,No,Lean Republican,No,2
2018-11-01 13:25:49,2018-11-01 13:26:39,IP Address,96.3.77.166,100,49,True,2018-11-01 13:26:39,R_1oFHq1v1vfl3zPM,,,,,46.8394012451171875,-100.7843017578125,anonymous,EN,Yes- I consent,,,,,,47,Female,,Caucasian,,Yes,Somewhere in-between,Yes,2
2018-11-01 13:25:37,2018-11-01 13:26:40,IP Address,98.176.238.152,100,62,True,2018-11-01 13:26:40,R_2YE6RmtaqmMee4T,,,,,32.56939697265625,-117.01580047607421875,anonymous,EN,Yes- I consent,17.717,17.717,32.658,1,3,28,Male,,Asian,,Yes,Lean Democrat,Yes,1
2018-11-01 13:26:00,2018-11-01 13:26:40,IP Address,50.88.122.169,100,40,True,2018-11-01 13:26:41,R_12AnE6Ek6YI6CWM,,,,,28.198394775390625,-81.48699951171875,anonymous,EN,Yes- I consent,,,,,,40,Male,,Other - Please specify,,Maybe,Lean Republican,Yes,2
2018-11-01 13:26:07,2018-11-01 13:26:41,IP Address,75.166.129.228,100,33,True,2018-11-01 13:26:41,R_2zCq5C3tok5CZjW,,,,,39.695098876953125,-105.00240325927734375,anonymous,EN,Yes- I consent,,,,,,28,Female,,Caucasian,,Yes,Lean Democrat,Yes,2
2018-11-01 13:25:33,2018-11-01 13:26:41,IP Address,108.30.21.41,100,68,True,2018-11-01 13:26:42,R_3g0BMzZIpmcMAwa,,,,,40.8701934814453125,-73.8495025634765625,anonymous,EN,Yes- I consent,41.923,41.923,44.917,1,3,44,Female,,"Caucasian,Native American",,Yes,Lean Democrat,Yes,1
2018-11-01 13:25:13,2018-11-01 13:26:43,IP Address,71.168.157.237,100,90,True,2018-11-01 13:26:43,R_tXI3nOBHqV3Fw4x,,,,,40.100494384765625,-74.72029876708984375,anonymous,EN,Yes- I consent,8.375,53.793,56.531,3,3,47,Female,,Caucasian,,Yes,Lean Republican,Yes,1
2018-11-01 13:26:15,2018-11-01 13:26:48,IP Address,24.96.3.5,100,33,True,2018-11-01 13:26:48,R_1gAUSKAdYapleHL,,,,,27.7899017333984375,-82.67729949951171875,anonymous,EN,Yes- I consent,,,,,,48,Female,,Caucasian,,Yes,Lean Democrat,Yes,2
2018-11-01 13:26:06,2018-11-01 13:26:52,IP Address,134.53.87.2,100,45,True,2018-11-01 13:26:52,R_1NEUu556rWw30nw,,,,,39.5070037841796875,-84.74520111083984375,anonymous,EN,Yes- I consent,,,,,,27,Female,,Other - Please specify,Latina,Yes,Lean Democrat,Yes,2
2018-11-01 13:26:28,2018-11-01 13:26:53,IP Address,66.213.10.203,100,25,True,2018-11-01 13:26:53,R_3fdSCUJsQSQdApO,,,,,39.1432037353515625,-84.521697998046875,anonymous,EN,Yes- I consent,,,,,,33,Female,,Caucasian,,Yes,Lean Democrat,Yes,2
2018-11-01 13:24:06,2018-11-01 13:26:54,IP Address,173.25.1.94,100,168,True,2018-11-01 13:26:55,R_1dFb73jLxUjCmbC,,,,,37.299896240234375,-93.30840301513671875,anonymous,EN,Yes- I consent,100.705,100.705,102.003,1,3,37,Male,,Caucasian,,Yes,Lean Democrat,Yes,1
2018-11-01 13:25:58,2018-11-01 13:26:55,IP Address,73.138.64.125,100,57,True,2018-11-01 13:26:56,R_RzaHglKjY1eMf1D,,,,,25.9850006103515625,-80.1407012939453125,anonymous,EN,Yes- I consent,20.386,36.833,37.736,2,3,22,Male,,Black/African,,Yes,Lean Democrat,Yes,1
2018-11-01 13:25:27,2018-11-01 13:26:57,IP Address,98.100.155.86,100,90,True,2018-11-01 13:26:58,R_3LigM2deupCHERa,,,,,43.118804931640625,-87.9477996826171875,anonymous,EN,Yes- I consent,,,,,,49,Female,,Caucasian,,Yes,Lean Democrat,Yes,2
2018-11-01 13:25:31,2018-11-01 13:26:58,IP Address,104.175.253.183,100,86,True,2018-11-01 13:26:58,R_11Zmi9Dh3iiCOli,,,,,33.9976959228515625,-117.9651947021484375,anonymous,EN,Yes- I consent,45.978,45.978,48.018,1,3,31,Female,,Prefer not to answer,,Yes,Lean Democrat,Yes,1
2018-11-01 13:26:01,2018-11-01 13:27:00,IP Address,68.108.163.201,100,58,True,2018-11-01 13:27:00,R_ex4K5xqx0lOf877,,,,,36.2449951171875,-115.27429962158203125,anonymous,EN,Yes- I consent,,,,,,24,Female,,Caucasian,,Maybe,Lean Democrat,Yes,2
2018-11-01 13:24:47,2018-11-01 13:27:00,IP Address,12.130.185.152,100,132,True,2018-11-01 13:27:01,R_vvq9QAZJCw7bHLX,,,,,29.4622039794921875,-98.4893035888671875,anonymous,EN,Yes- I consent,92.962,92.962,94.059,1,3,48,Male,,Caucasian,,Maybe,Lean Democrat,Yes,1
2018-11-01 13:26:07,2018-11-01 13:27:04,IP Address,204.253.82.211,100,56,True,2018-11-01 13:27:04,R_2AMbMHOwDviTDpU,,,,,32.9864959716796875,-96.68599700927734375,anonymous,EN,Yes- I consent,29.016,29.016,34.135,1,3,27,Female,,Asian,,Yes,Lean Democrat,Yes,1
2018-11-01 13:26:22,2018-11-01 13:27:05,IP Address,73.187.47.196,100,42,True,2018-11-01 13:27:05,R_xryYqVgbZ75KMEN,,,,,40.181396484375,-76.9969024658203125,anonymous,EN,Yes- I consent,,,,,,51,Female,,Other - Please specify,mixed,Yes,Lean Democrat,Yes,2
2018-11-01 13:26:40,2018-11-01 13:27:07,IP Address,47.184.146.229,100,26,True,2018-11-01 13:27:07,R_2tcja3TytM5ssJR,,,,,32.9579010009765625,-96.62359619140625,anonymous,EN,Yes- I consent,,,,,,40,Male,,Caucasian,,Yes,Lean Democrat,Yes,2
2018-11-01 13:26:09,2018-11-01 13:27:15,IP Address,97.82.93.157,100,66,True,2018-11-01 13:27:15,R_yDW0iMAdaD3ivxD,,,,,36.4907073974609375,-82.62000274658203125,anonymous,EN,Yes- I consent,40.462,40.933,44.232,2,3,30,Male,,Caucasian,,No,Somewhere in-between,No,1
2018-11-01 13:26:26,2018-11-01 13:27:18,IP Address,162.254.36.111,100,51,True,2018-11-01 13:27:18,R_2zjQ6JaANzBBJFK,,,,,34.0583953857421875,-118.2779998779296875,anonymous,EN,Yes- I consent,,,,,,27,Male,,Caucasian,,Yes,Lean Republican,Yes,2
2018-11-01 13:25:23,2018-11-01 13:27:20,IP Address,200.10.38.87,100,116,True,2018-11-01 13:27:20,R_TnpOrnvrt9A77Q5,,,,,40.730804443359375,-73.99749755859375,anonymous,EN,Yes- I consent,62.11,62.11,64.704,1,3,25,Female,,Asian,,Yes,Lean Republican,Yes,1
2018-11-01 13:26:23,2018-11-01 13:27:22,IP Address,72.224.170.226,100,58,True,2018-11-01 13:27:22,R_3HhOvNpz8idRi2v,,,,,46.6842041015625,-68.01180267333984375,anonymous,EN,Yes- I consent,,,,,,35,Female,,Caucasian,,Maybe,Lean Democrat,Yes,2
2018-11-01 13:26:09,2018-11-01 13:27:22,IP Address,68.5.68.191,100,73,True,2018-11-01 13:27:22,R_3DpXy3RO1v9mCjA,,,,,33.514495849609375,-117.708404541015625,anonymous,EN,Yes- I consent,41.697,41.697,44.004,1,3,56,Male,,Caucasian,,Yes,Lean Democrat,Yes,1
2018-11-01 13:26:16,2018-11-01 13:27:24,IP Address,108.252.49.235,100,67,True,2018-11-01 13:27:24,R_2pS2If4MMhwZCB7,,,,,41.1219940185546875,-81.5684967041015625,anonymous,EN,Yes- I consent,,,,,,34,Female,,Black/African,,Yes,Lean Democrat,Yes,2
2018-11-01 13:26:55,2018-11-01 13:27:28,IP Address,204.46.72.42,100,33,True,2018-11-01 13:27:28,R_YWxsSUBdOrwFdMR,,,,,33.94610595703125,-83.417999267578125,anonymous,EN,Yes- I consent,,,,,,39,Male,,Caucasian,,Yes,Somewhere in-between,Yes,2
2018-11-01 13:24:39,2018-11-01 13:27:29,IP Address,107.77.232.144,100,170,True,2018-11-01 13:27:29,R_2UbKofn2XuwU7xz,,,,,37.751007080078125,-97.82199859619140625,anonymous,EN,Yes- I consent,81.273,81.273,82.23,1,3,26,Male,,Caucasian,,Yes,Lean Republican,Yes,1
2018-11-01 13:26:46,2018-11-01 13:27:33,IP Address,172.58.22.247,100,47,True,2018-11-01 13:27:34,R_3IWadXkgL08Zz9x,,,,,34.2386932373046875,-118.477203369140625,anonymous,EN,Yes- I consent,,,,,,44,Male,,Asian,,Yes,Lean Republican,Yes,2
2018-11-01 13:26:44,2018-11-01 13:27:42,IP Address,216.36.11.149,100,57,True,2018-11-01 13:27:42,R_242FjzTwDPY0oKj,,,,,38.2494964599609375,-76.45290374755859375,anonymous,EN,Yes- I consent,8.197,29.095,40.075,2,3,20,Male,,Caucasian,,Maybe,Lean Republican,Yes,1
2018-11-01 13:26:34,2018-11-01 13:27:49,IP Address,73.11.165.26,100,74,True,2018-11-01 13:27:49,R_21oCP2JEPE8RZJj,,,,,47.7205047607421875,-122.206695556640625,anonymous,EN,Yes- I consent,40.065,42.702,43.589,5,3,26,Male,,Caucasian,,Yes,Lean Democrat,Yes,1
2018-11-01 13:26:06,2018-11-01 13:27:52,IP Address,208.107.75.25,100,105,True,2018-11-01 13:27:52,R_3Hhu7WtNYA7xmGt,,,,,43.5041961669921875,-96.83910369873046875,anonymous,EN,Yes- I consent,49.366,49.366,54.073,1,3,48,Male,,Caucasian,,Yes,Somewhere in-between,Yes,1
2018-11-01 13:24:04,2018-11-01 13:27:52,IP Address,38.83.140.6,100,228,True,2018-11-01 13:27:52,R_3EDMJb8mzV00LNh,,,,,36.12139892578125,-79.7733001708984375,anonymous,EN,Yes- I consent,43.6,43.6,44.683,1,3,27,Male,,Asian,,Yes,Lean Democrat,Yes,1
2018-11-01 13:26:26,2018-11-01 13:27:53,IP Address,107.192.238.64,100,86,True,2018-11-01 13:27:53,R_2X6YQe8YBK1JsLo,,,,,33.5641021728515625,-83.843902587890625,anonymous,EN,Yes- I consent,47.148,47.148,48.414,1,3,41,Male,,Black/African,,Yes,Lean Democrat,No,1
2018-11-01 13:27:29,2018-11-01 13:27:53,IP Address,50.24.53.191,100,23,True,2018-11-01 13:27:53,R_1jTxY6nMl2JKkvy,,,,,30.5670013427734375,-96.28369903564453125,anonymous,EN,Yes- I consent,,,,,,29,Male,,Caucasian,,Yes,Lean Republican,Yes,2
2018-11-01 13:26:21,2018-11-01 13:27:58,IP Address,206.74.212.250,100,96,True,2018-11-01 13:27:58,R_21jhJFNRDz8LwiJ,,,,,34.9925994873046875,-81.17870330810546875,anonymous,EN,Yes- I consent,71.394,71.394,72.454,1,5,18,Male,,Caucasian,,Yes,Lean Republican,Yes,1
2018-11-01 13:27:10,2018-11-01 13:27:58,IP Address,104.6.98.241,100,48,True,2018-11-01 13:27:58,R_Qn8oOXKvJNB8n5v,,,,,35.2406005859375,-89.843597412109375,anonymous,EN,Yes- I consent,,,,,,38,Female,,Black/African,,No,Somewhere in-between,No,2
2018-11-01 13:25:35,2018-11-01 13:28:02,IP Address,108.233.81.229,100,146,True,2018-11-01 13:28:02,R_RgJscj3PfVMXfZn,,,,,37.773101806640625,-121.751495361328125,anonymous,EN,Yes- I consent,52.257,53.409,84.106,2,3,44,Female,,Caucasian,,Yes,Lean Democrat,Yes,1
2018-11-01 13:27:42,2018-11-01 13:28:01,IP Address,138.229.235.193,100,19,True,2018-11-01 13:28:02,R_1MYYJHwTeiIFokl,,,,,34.091400146484375,-118.129302978515625,anonymous,EN,Yes- I consent,,,,,,23,Male,,Asian,,No,Lean Democrat,,2
2018-11-01 13:27:04,2018-11-01 13:28:08,IP Address,68.84.141.22,100,63,True,2018-11-01 13:28:08,R_1rkLL2BjA2R1Oeb,,,,,38.861297607421875,-75.40000152587890625,anonymous,EN,Yes- I consent,,,,,,53,Female,,Caucasian,,No,Somewhere in-between,,2
2018-11-01 13:26:12,2018-11-01 13:28:14,IP Address,108.89.41.224,100,121,True,2018-11-01 13:28:15,R_22ogTuJnzPmbB7C,,,,,30.083099365234375,-81.86299896240234375,anonymous,EN,Yes- I consent,55.987,55.987,58.07,1,3,65,Male,,Caucasian,,Yes,Lean Republican,Yes,1
2018-11-01 13:27:43,2018-11-01 13:28:15,IP Address,130.49.162.129,100,31,True,2018-11-01 13:28:15,R_2e8ThV9JZdWeZ2o,,,,,40.4344024658203125,-80.02480316162109375,anonymous,EN,Yes- I consent,,,,,,19,Male,,Caucasian,,Maybe,Lean Democrat,Yes,2
2018-11-01 13:27:54,2018-11-01 13:28:16,IP Address,73.61.190.203,100,22,True,2018-11-01 13:28:17,R_1DoQeOEYw7qi6RS,,,,,42.515106201171875,-70.900299072265625,anonymous,EN,Yes- I consent,,,,,,32,Female,,Caucasian,,Yes,Somewhere in-between,Yes,2
2018-11-01 13:27:46,2018-11-01 13:28:21,IP Address,172.56.7.201,100,35,True,2018-11-01 13:28:21,R_8kNBs9mqdzc08eZ,,,,,32.7357025146484375,-97.10810089111328125,anonymous,EN,Yes- I consent,,,,,,27,Female,,Black/African,,Yes,Lean Democrat,Yes,2
2018-11-01 13:27:29,2018-11-01 13:28:22,IP Address,97.126.107.25,100,53,True,2018-11-01 13:28:23,R_1dtUEu9hQXPLe3e,,,,,47.6732940673828125,-122.3426055908203125,anonymous,EN,Yes- I consent,14.746,14.746,34.669,1,3,30,Male,,Caucasian,,Yes,Lean Democrat,Yes,1
2018-11-01 13:28:02,2018-11-01 13:28:24,IP Address,104.129.73.210,100,21,True,2018-11-01 13:28:24,R_1QsDArvTrq19mRZ,,,,,40.8014984130859375,-72.8675994873046875,anonymous,EN,Yes- I consent,,,,,,32,Female,,Caucasian,,Yes,Lean Democrat,Yes,2
2018-11-01 13:26:18,2018-11-01 13:28:25,IP Address,174.71.1.84,100,127,True,2018-11-01 13:28:26,R_1jpn2HGuAnQfqnf,,,,,41.2615966796875,-95.825103759765625,anonymous,EN,Yes- I consent,39.421,39.421,42.99,1,3,28,Female,,Caucasian,,Yes,Somewhere in-between,Yes,1
2018-11-01 13:28:03,2018-11-01 13:28:28,IP Address,206.213.43.100,100,24,True,2018-11-01 13:28:28,R_3HZI7k7AjzzB6Nn,,,,,33.3860931396484375,-111.84690093994140625,anonymous,EN,Yes- I consent,,,,,,29,Male,,Caucasian,,Yes,Lean Republican,Yes,2
2018-11-01 13:27:13,2018-11-01 13:28:28,IP Address,184.99.175.251,100,75,True,2018-11-01 13:28:28,R_1jN9dX79CHHIjUk,,,,,46.8542938232421875,-96.828399658203125,anonymous,EN,Yes- I consent,43.011,43.011,45.931,1,3,29,Female,,Caucasian,,Yes,Lean Republican,Yes,1
2018-11-01 13:26:24,2018-11-01 13:28:34,IP Address,24.88.118.240,100,130,True,2018-11-01 13:28:34,R_qIv5oP97L6OLk3L,,,,,33.0279998779296875,-80.17389678955078125,anonymous,EN,Yes- I consent,51.334,88.234,89.28,3,3,62,Male,,Caucasian,,Yes,Somewhere in-between,Yes,1
2018-11-01 13:26:49,2018-11-01 13:28:36,IP Address,74.98.167.190,100,106,True,2018-11-01 13:28:36,R_25ZneMhy5a2cVea,,,,,36.735198974609375,-76.2384033203125,anonymous,EN,Yes- I consent,48.901,48.901,51.935,1,3,65,Female,,Caucasian,,Yes,Lean Democrat,Yes,1
2018-11-01 13:27:12,2018-11-01 13:28:46,IP Address,158.111.236.185,100,93,True,2018-11-01 13:28:46,R_2V2ueIrMzbUVoWy,,,,,39.6504974365234375,-79.944000244140625,anonymous,EN,Yes- I consent,68.405,68.405,71.879,1,3,34,Female,,Caucasian,,Yes,Lean Democrat,Yes,1
2018-11-01 13:28:10,2018-11-01 13:28:47,IP Address,107.11.182.58,100,37,True,2018-11-01 13:28:47,R_C1X7B1oueWYZ2y5,,,,,40.2754058837890625,-81.865997314453125,anonymous,EN,Yes- I consent,,,,,,26,Male,,Caucasian,,No,Lean Democrat,Yes,2
2018-11-01 13:25:01,2018-11-01 13:28:52,IP Address,205.153.204.1,100,230,True,2018-11-01 13:28:52,R_3RyfO2pbGl8bikM,,,,,42.293304443359375,-121.81689453125,anonymous,EN,Yes- I consent,,,,,,45,Male,,Caucasian,,Yes,Lean Republican,Yes,2
2018-11-01 13:28:00,2018-11-01 13:28:52,IP Address,35.20.206.12,100,51,True,2018-11-01 13:28:52,R_3jSOOkSqJl7LZ35,,,,,42.728302001953125,-84.48819732666015625,anonymous,EN,Yes- I consent,20.201,26.61,33.054,3,3,21,Male,,Caucasian,,Yes,Lean Democrat,Yes,1
2018-11-01 13:27:41,2018-11-01 13:28:55,IP Address,71.217.160.184,100,73,True,2018-11-01 13:28:55,R_3ElQ1yLQRHIy0kt,,,,,45.9665985107421875,-111.112396240234375,anonymous,EN,Yes- I consent,,,,,,66,Female,,Caucasian,,Yes,Lean Republican,Yes,2
2018-11-01 13:27:53,2018-11-01 13:28:56,IP Address,98.238.156.183,100,63,True,2018-11-01 13:28:56,R_D2HfKxy2ZwrDdLj,,,,,38.4243011474609375,-121.4369964599609375,anonymous,EN,Yes- I consent,4.889,34.702,35.423,12,3,23,Female,,Caucasian,,Yes,Lean Democrat,Yes,1
2018-11-01 13:28:32,2018-11-01 13:28:58,IP Address,136.2.16.184,100,25,True,2018-11-01 13:28:59,R_2QuPtOF6eBreUi8,,,,,42.335296630859375,-83.28639984130859375,anonymous,EN,Yes- I consent,,,,,,20,Female,,Caucasian,,Yes,Lean Republican,Yes,2
2018-11-01 13:27:09,2018-11-01 13:28:59,IP Address,64.25.207.20,100,109,True,2018-11-01 13:28:59,R_3L08Llc21cPskU9,,,,,43.565704345703125,-84.58730316162109375,anonymous,EN,Yes- I consent,,,,,,26,Male,,Caucasian,,Yes,Lean Democrat,Yes,2
2018-11-01 13:27:57,2018-11-01 13:29:01,IP Address,71.195.35.1,100,64,True,2018-11-01 13:29:02,R_2BtCWn9rQiBESc2,,,,,44.822998046875,-93.34850311279296875,anonymous,EN,Yes- I consent,37.977,41.348,42.053,2,3,29,Male,,Caucasian,,Yes,Lean Democrat,Yes,1
2018-11-01 13:28:34,2018-11-01 13:29:06,IP Address,104.231.86.33,100,31,True,2018-11-01 13:29:06,R_1ltVNqgZuERJRre,,,,,41.6894989013671875,-81.34210205078125,anonymous,EN,Yes- I consent,,,,,,47,Male,,Caucasian,,Yes,Lean Democrat,Yes,2
2018-11-01 13:28:12,2018-11-01 13:29:18,IP Address,76.16.74.0,100,66,True,2018-11-01 13:29:18,R_wTryofZp2msl201,,,,,42.4084930419921875,-87.85959625244140625,anonymous,EN,Yes- I consent,12.648,41.401,42.092,9,3,27,Female,,Black/African,,Yes,Lean Republican,Yes,1
2018-11-01 13:28:58,2018-11-01 13:29:19,IP Address,69.85.255.82,100,20,True,2018-11-01 13:29:19,R_0JlcCy7I9VJWctb,,,,,30.5240936279296875,-87.21669769287109375,anonymous,EN,Yes- I consent,,,,,,33,Female,,Caucasian,,Maybe,Lean Democrat,Yes,2
2018-11-01 13:28:56,2018-11-01 13:29:23,IP Address,104.129.196.211,100,26,True,2018-11-01 13:29:23,R_3M4ZX5BoHJLUaRe,,,,,41.848297119140625,-87.651702880859375,anonymous,EN,Yes- I consent,,,,,,43,Male,,Caucasian,,Yes,Lean Republican,Yes,2
2018-11-01 13:29:04,2018-11-01 13:29:25,IP Address,184.74.46.178,100,21,True,2018-11-01 13:29:26,R_Zg8LZAXtbdDVXtD,,,,,42.908203125,-78.82250213623046875,anonymous,EN,Yes- I consent,,,,,,40,Male,,Caucasian,,Yes,Somewhere in-between,Yes,2
2018-11-01 13:27:56,2018-11-01 13:29:26,IP Address,71.225.107.23,100,89,True,2018-11-01 13:29:26,R_3RsyVn32x96UWuK,,,,,40.0612030029296875,-75.39990234375,anonymous,EN,Yes- I consent,,,,,,73,Female,,Caucasian,,Yes,Lean Democrat,Yes,2
2018-11-01 13:28:29,2018-11-01 13:29:35,IP Address,67.11.212.123,100,65,True,2018-11-01 13:29:35,R_1FstAu4bXohS9v5,,,,,29.556304931640625,-98.3643035888671875,anonymous,EN,Yes- I consent,26.377,31.589,33.278,3,3,34,Male,,Caucasian,,Yes,Lean Democrat,Yes,1
2018-11-01 13:27:54,2018-11-01 13:29:36,IP Address,76.117.133.173,100,101,True,2018-11-01 13:29:36,R_2Qo0IoA292HX9Ma,,,,,40.7209014892578125,-74.0467987060546875,anonymous,EN,Yes- I consent,4.476,35.681,68.34,3,3,23,Female,,Caucasian,,Maybe,Lean Democrat,No,1
2018-11-01 13:28:29,2018-11-01 13:29:38,IP Address,97.70.167.36,100,69,True,2018-11-01 13:29:39,R_Z37W6OMrFgts2Qh,,,,,42.4633941650390625,-83.464599609375,anonymous,EN,Yes- I consent,1.737,39.988,42.264,6,3,36,Female,,Caucasian,,Yes,Lean Democrat,Yes,1
2018-11-01 13:29:09,2018-11-01 13:29:42,IP Address,72.249.239.118,100,33,True,2018-11-01 13:29:43,R_OJY80UXdQkwNOlb,,,,,38.080902099609375,-108.28600311279296875,anonymous,EN,Yes- I consent,,,,,,36,Female,,Caucasian,,Yes,Somewhere in-between,Yes,2
2018-11-01 13:29:08,2018-11-01 13:29:43,IP Address,100.16.5.231,100,34,True,2018-11-01 13:29:43,R_2rwOdOcTfinTo7m,,,,,39.539398193359375,-76.3563995361328125,anonymous,EN,Yes- I consent,,,,,,45,Male,,Caucasian,,Yes,Lean Republican,Yes,2
2018-11-01 13:28:36,2018-11-01 13:29:44,IP Address,198.182.194.170,100,67,True,2018-11-01 13:29:44,R_2WBeRsOzlnvu7TL,,,,,45.518096923828125,-122.67449951171875,anonymous,EN,Yes- I consent,,,,,,36,Female,,Caucasian,,Yes,Somewhere in-between,Yes,2
2018-11-01 13:28:25,2018-11-01 13:29:49,IP Address,74.78.212.206,100,84,True,2018-11-01 13:29:50,R_ugmHlPDXIMU9lyp,,,,,43.1067047119140625,-75.2313995361328125,anonymous,EN,Yes- I consent,49.582,49.582,50.471,1,3,33,Male,,Caucasian,,Maybe,Somewhere in-between,Yes,1
2018-11-01 13:29:12,2018-11-01 13:29:58,IP Address,71.112.195.217,100,45,True,2018-11-01 13:29:58,R_3F4YSlZ0tO4c6nc,,,,,40.434600830078125,-79.86550140380859375,anonymous,EN,Yes- I consent,,,,,,40,Female,,Caucasian,,Yes,Lean Democrat,Yes,2
2018-11-01 13:28:52,2018-11-01 13:30:00,IP Address,76.93.229.113,100,68,True,2018-11-01 13:30:00,R_1mXCjgDLK4SOfzk,,,,,33.841400146484375,-116.534698486328125,anonymous,EN,Yes- I consent,23.636,23.636,38.358,1,3,39,Female,,Caucasian,,Yes,Lean Democrat,Yes,1
2018-11-01 13:29:29,2018-11-01 13:30:06,IP Address,216.7.112.62,100,36,True,2018-11-01 13:30:06,R_3NDoTTT2vwdgmx6,,,,,42.293304443359375,-121.81689453125,anonymous,EN,Yes- I consent,,,,,,45,Male,,Caucasian,,Yes,Lean Republican,Yes,2
2018-11-01 13:29:02,2018-11-01 13:30:06,IP Address,192.40.202.200,100,63,True,2018-11-01 13:30:06,R_3qPuv2MjIDlbkRX,,,,,41.7765960693359375,-71.43830108642578125,anonymous,EN,Yes- I consent,41.619,41.619,42.619,1,3,40,Male,,Caucasian,,Maybe,Lean Republican,Yes,1
2018-11-01 13:28:40,2018-11-01 13:30:09,IP Address,172.58.11.73,100,89,True,2018-11-01 13:30:09,R_10vIBvVaSJqL7b2,,,,,25.85760498046875,-80.27809906005859375,anonymous,EN,Yes- I consent,4.698,43.965,44.795,5,3,32,Female,,Other - Please specify,Latina,No,Somewhere in-between,No,1
2018-11-01 13:29:19,2018-11-01 13:30:10,IP Address,65.29.200.76,100,50,True,2018-11-01 13:30:10,R_2ovEQjLmL3KDrkl,,,,,39.906494140625,-83.7487030029296875,anonymous,EN,Yes- I consent,,,,,,34,Male,,Caucasian,,Yes,Lean Republican,Yes,2
2018-11-01 13:25:21,2018-11-01 13:30:11,IP Address,24.172.78.250,100,289,True,2018-11-01 13:30:11,R_1kGDasyFkTF6YgN,,,,,33.6985015869140625,-78.9031982421875,anonymous,EN,Yes- I consent,174.471,252.375,256.436,7,3,36,Male,,Caucasian,,Yes,Somewhere in-between,Yes,1
2018-11-01 13:29:14,2018-11-01 13:30:18,IP Address,147.206.5.3,100,63,True,2018-11-01 13:30:18,R_3OodzZM11OlV8gy,,,,,30.0070953369140625,-90.10939788818359375,anonymous,EN,Yes- I consent,39.553,39.553,41.008,1,3,30,Female,,Caucasian,,Yes,Lean Democrat,Yes,1
2018-11-01 13:29:03,2018-11-01 13:30:20,IP Address,99.61.181.109,100,76,True,2018-11-01 13:30:20,R_1N3qbwawvqgwyZa,,,,,30.019805908203125,-95.40869903564453125,anonymous,EN,Yes- I consent,44.234,44.234,45.652,1,3,51,Female,,"Caucasian,Native American",,Yes,Lean Republican,Yes,1
2018-11-01 13:28:30,2018-11-01 13:30:20,IP Address,205.197.219.74,100,110,True,2018-11-01 13:30:20,R_rrrbQbbANYHQAkF,,,,,39.9976043701171875,-111.81420135498046875,anonymous,EN,Yes- I consent,1.875,73.455,76.306,5,3,35,Female,,Caucasian,,Yes,Lean Republican,Yes,1
2018-11-01 13:27:44,2018-11-01 13:30:24,IP Address,75.177.98.242,100,160,True,2018-11-01 13:30:25,R_00TTURZb0BGBCqB,,,,,36.461700439453125,-80.61910247802734375,anonymous,EN,Yes- I consent,129.7,129.7,140.312,1,3,37,Female,,Caucasian,,Yes,Lean Republican,Yes,1
2018-11-01 13:29:15,2018-11-01 13:30:26,IP Address,184.54.30.221,100,71,True,2018-11-01 13:30:26,R_sYlVjbNWwbRse4x,,,,,39.1103973388671875,-84.5756988525390625,anonymous,EN,Yes- I consent,23.745,23.745,33.074,1,3,43,Female,,Caucasian,,No,Lean Republican,No,1
2018-11-01 13:29:34,2018-11-01 13:30:29,IP Address,69.179.143.102,100,54,True,2018-11-01 13:30:29,R_2c1SjJ2oIsnzM3q,,,,,39.0012054443359375,-90.96240234375,anonymous,EN,Yes- I consent,,,,,,39,Male,,Caucasian,,Yes,Lean Republican,Yes,2
2018-11-01 13:29:40,2018-11-01 13:30:32,IP Address,172.56.4.151,100,51,True,2018-11-01 13:30:32,R_1cYeijvYSIZrMSR,,,,,35.2270965576171875,-80.84310150146484375,anonymous,EN,Yes- I consent,,,,,,21,Female,,Caucasian,,Yes,Lean Democrat,Yes,2
2018-11-01 13:27:31,2018-11-01 13:30:34,IP Address,70.187.80.244,100,183,True,2018-11-01 13:30:34,R_3KVonpwRLe9wJrD,,,,,29.645599365234375,-82.40329742431640625,anonymous,EN,Yes- I consent,16.311,103.638,104.438,2,3,25,Male,,Caucasian,,Yes,Lean Democrat,Yes,1
2018-11-01 13:25:03,2018-11-01 13:30:35,IP Address,75.85.176.151,100,332,True,2018-11-01 13:30:36,R_2U4vPJ5BCvcACjM,,,,,33.119293212890625,-117.18499755859375,anonymous,EN,Yes- I consent,,,,,,41,Male,,Caucasian,,Yes,Lean Democrat,Yes,2
2018-11-01 13:29:39,2018-11-01 13:30:49,IP Address,70.165.112.181,100,70,True,2018-11-01 13:30:50,R_3HH8ZrMrgwI04Cq,,,,,30.399993896484375,-91.1454010009765625,anonymous,EN,Yes- I consent,9.918,10.822,33.806,2,5,29,Male,,Caucasian,,Yes,Lean Democrat,Yes,1
2018-11-01 13:29:40,2018-11-01 13:30:58,IP Address,73.180.8.164,100,78,True,2018-11-01 13:30:59,R_3NxnF4zwwMb5TBr,,,,,45.4403076171875,-122.779296875,anonymous,EN,Yes- I consent,,,,,,36,Male,,Caucasian,,Yes,Lean Republican,Yes,2
2018-11-01 13:30:37,2018-11-01 13:30:58,Spam,69.179.143.102,100,21,True,2018-11-01 13:30:59,R_1l4fkYb4XOWbkNj,,,,,38.825103759765625,-90.7288970947265625,anonymous,EN,Yes- I consent,,,,,,39,Male,,Caucasian,,Yes,Lean Republican,Yes,2
2018-11-01 13:30:48,2018-11-01 13:31:11,IP Address,97.81.149.142,100,23,True,2018-11-01 13:31:11,R_2y4qrHqfIlWl22F,,,,,36.54840087890625,-82.561798095703125,anonymous,EN,Yes- I consent,,,,,,26,Female,,Caucasian,,Yes,Lean Democrat,Yes,2
2018-11-01 13:30:22,2018-11-01 13:31:11,IP Address,70.127.195.236,100,49,True,2018-11-01 13:31:12,R_XpmTc0lVNk7BBGp,,,,,27.739105224609375,-82.64350128173828125,anonymous,EN,Yes- I consent,7.742,29.964,33.557,2,3,31,Male,,Caucasian,,Maybe,Somewhere in-between,,1
2018-11-01 13:27:00,2018-11-01 13:31:12,IP Address,108.190.182.143,100,252,True,2018-11-01 13:31:12,R_a8XLYKGFhgfINu9,,,,,28.8213043212890625,-82.26129913330078125,anonymous,EN,Yes- I consent,230.112,230.112,231.254,1,5,45,Female,,Asian,,Yes,Lean Democrat,Yes,1
2018-11-01 13:30:45,2018-11-01 13:31:13,IP Address,73.237.199.167,100,28,True,2018-11-01 13:31:14,R_SBsrhlOTr7LcngR,,,,,33.9058074951171875,-84.1802978515625,anonymous,EN,Yes- I consent,,,,,,22,Male,,Black/African,,Yes,Lean Democrat,Yes,2
2018-11-01 13:30:04,2018-11-01 13:31:21,IP Address,70.127.62.224,100,76,True,2018-11-01 13:31:21,R_5z5tWl5D7J3yUA9,,,,,28.1479034423828125,-82.037200927734375,anonymous,EN,Yes- I consent,42.247,42.247,45.891,1,3,50,Male,,Caucasian,,Yes,Lean Democrat,Yes,1
2018-11-01 13:30:48,2018-11-01 13:31:24,IP Address,173.72.137.231,100,35,True,2018-11-01 13:31:24,R_1LXTI6XkYQgJxb5,,,,,38.268798828125,-77.54759979248046875,anonymous,EN,Yes- I consent,,,,,,32,Female,,Caucasian,,Yes,Lean Republican,Yes,2
2018-11-01 13:29:31,2018-11-01 13:31:25,IP Address,69.115.243.89,100,114,True,2018-11-01 13:31:26,R_2XhTPobEih4oD1T,,,,,41.0341949462890625,-74.517303466796875,anonymous,EN,Yes- I consent,3.256,48.975,49.79,4,3,59,Female,,Caucasian,,Yes,Lean Republican,Yes,1
2018-11-01 13:31:14,2018-11-01 13:31:36,IP Address,74.133.12.71,100,21,True,2018-11-01 13:31:36,R_1ITxc6vnZhyHB1h,,,,,38.9940948486328125,-84.641998291015625,anonymous,EN,Yes- I consent,,,,,,28,Male,,Caucasian,,Yes,Lean Democrat,Yes,2
2018-11-01 13:31:13,2018-11-01 13:31:51,IP Address,99.102.123.35,100,38,True,2018-11-01 13:31:51,R_2CvWjkmbvROGk9I,,,,,34.880706787109375,-92.2303009033203125,anonymous,EN,Yes- I consent,,,,,,34,Female,,Caucasian,,Yes,Lean Democrat,Yes,2
2018-11-01 13:31:31,2018-11-01 13:31:54,IP Address,76.235.97.124,100,23,True,2018-11-01 13:31:54,R_2wRdXbrPIHp4Odw,,,,,43.0774993896484375,-89.3831024169921875,anonymous,EN,Yes- I consent,,,,,,22,Male,,Other - Please specify,Mixed,Yes,Lean Democrat,Yes,2
2018-11-01 13:30:45,2018-11-01 13:31:58,IP Address,99.189.158.204,100,73,True,2018-11-01 13:31:58,R_1eERQjklno5euUQ,,,,,35.5751953125,-97.63849639892578125,anonymous,EN,Yes- I consent,35.362,35.362,38.642,1,3,38,Female,,Black/African,,Maybe,Somewhere in-between,Yes,1
2018-11-01 13:30:58,2018-11-01 13:32:00,IP Address,47.183.200.198,100,62,True,2018-11-01 13:32:01,R_2PpnGLkMmTzx2Yc,,,,,33.073394775390625,-97.30930328369140625,anonymous,EN,Yes- I consent,37.085,37.085,37.913,1,3,26,Female,,Caucasian,,Yes,Lean Democrat,Yes,1
2018-11-01 13:30:49,2018-11-01 13:32:17,IP Address,198.179.137.227,100,88,True,2018-11-01 13:32:18,R_RUiuc7mlfGEDT9f,,,,,44.9799957275390625,-93.26380157470703125,anonymous,EN,Yes- I consent,42.007,42.007,44.997,1,3,31,Male,,Caucasian,,Yes,Somewhere in-between,Yes,1
2018-11-01 13:31:39,2018-11-01 13:32:20,IP Address,192.12.221.51,100,40,True,2018-11-01 13:32:20,R_1KvxH00Vu33QoEk,,,,,40.28509521484375,-75.952301025390625,anonymous,EN,Yes- I consent,,,,,,24,Female,,Black/African,,Yes,Lean Democrat,Yes,2
2018-11-01 13:29:47,2018-11-01 13:32:26,IP Address,99.203.21.231,100,159,True,2018-11-01 13:32:26,R_1LpqCzsgf28kyzr,,,,,36.072601318359375,-79.79199981689453125,anonymous,EN,Yes- I consent,114.797,117.343,118.615,6,3,37,Female,,Caucasian,,Yes,Lean Republican,Yes,1
2018-11-01 13:31:40,2018-11-01 13:32:32,IP Address,66.192.25.226,100,51,True,2018-11-01 13:32:32,R_2BfDZPjqw4Zwfxc,,,,,35.2053985595703125,-89.80359649658203125,anonymous,EN,Yes- I consent,22.819,22.819,32.772,1,3,26,Male,,Caucasian,,Yes,Lean Democrat,Yes,1
2018-11-01 13:31:57,2018-11-01 13:32:47,IP Address,70.20.51.134,100,49,True,2018-11-01 13:32:47,R_262LiLyY290whOV,,,,,44.8242034912109375,-68.79180145263671875,anonymous,EN,Yes- I consent,,,,,,50,Female,,Caucasian,,Yes,Lean Democrat,Yes,2
2018-11-01 13:30:51,2018-11-01 13:32:48,IP Address,184.89.219.81,100,117,True,2018-11-01 13:32:49,R_1PR7wTOxEraALKd,,,,,28.5525054931640625,-81.7574005126953125,anonymous,EN,Yes- I consent,62.954,62.954,63.97,1,3,21,Male,,Caucasian,,No,Somewhere in-between,No,1
2018-11-01 13:31:33,2018-11-01 13:32:56,IP Address,70.5.31.1,100,82,True,2018-11-01 13:32:56,R_PBXPdOerRlFa2B3,,,,,32.442596435546875,-96.23000335693359375,anonymous,EN,Yes- I consent,38.112,38.112,39.935,1,3,22,Female,,Other - Please specify,hispanic,No,Somewhere in-between,No,1
2018-11-01 13:31:54,2018-11-01 13:33:07,IP Address,68.205.145.7,100,72,True,2018-11-01 13:33:07,R_3e2Meow2MNimTwl,,,,,28.3672027587890625,-80.74649810791015625,anonymous,EN,Yes- I consent,,,,,,61,Female,,Caucasian,,Yes,Lean Republican,Yes,2
2018-11-01 13:31:56,2018-11-01 13:33:11,IP Address,73.246.14.11,100,75,True,2018-11-01 13:33:11,R_1qVT49reyaokUQv,,,,,42.3668975830078125,-87.94519805908203125,anonymous,EN,Yes- I consent,39.825,41.407,42.333,6,3,55,Female,,Caucasian,,No,Lean Democrat,No,1
2018-11-01 13:31:43,2018-11-01 13:33:13,IP Address,76.104.1.15,100,89,True,2018-11-01 13:33:13,R_1gbVLADVgAAVkeU,,,,,37.2700042724609375,-77.40380096435546875,anonymous,EN,Yes- I consent,2.937,44.083,44.714,5,3,46,Female,,Caucasian,,Yes,Lean Republican,Yes,1
2018-11-01 13:29:03,2018-11-01 13:33:14,IP Address,173.163.82.225,100,250,True,2018-11-01 13:33:14,R_6gKaGJ6Bz9pnHnH,,,,,39.81829833984375,-76.24990081787109375,anonymous,EN,Yes- I consent,,,,,,40,Female,,Caucasian,,Yes,Lean Democrat,Yes,2
2018-11-01 13:31:18,2018-11-01 13:33:14,IP Address,107.208.243.132,100,116,True,2018-11-01 13:33:15,R_Ze3yrcNzCqLvcD7,,,,,31.8545074462890625,-106.53299713134765625,anonymous,EN,Yes- I consent,62.665,62.665,65.618,1,3,69,Male,,Caucasian,,Yes,Lean Democrat,Yes,1
2018-11-01 13:29:50,2018-11-01 13:33:33,IP Address,66.99.96.10,100,222,True,2018-11-01 13:33:33,R_1j6RtDIn28FAAkF,,,,,39.7725067138671875,-89.68890380859375,anonymous,EN,Yes- I consent,193.061,193.061,195.858,1,3,29,Female,,Caucasian,,Yes,Lean Democrat,Yes,1
2018-11-01 13:31:55,2018-11-01 13:33:36,IP Address,142.196.231.97,100,100,True,2018-11-01 13:33:36,R_2aIV0JJvGHJaB9f,,,,,28.65130615234375,-81.20659637451171875,anonymous,EN,Yes- I consent,3.836,59.241,60.678,4,3,32,Male,,Caucasian,,Yes,Lean Democrat,Yes,1
2018-11-01 13:33:10,2018-11-01 13:33:39,IP Address,192.184.124.4,100,28,True,2018-11-01 13:33:39,R_22mmA9XcdobYkFL,,,,,39.738800048828125,-104.40830230712890625,anonymous,EN,Yes- I consent,,,,,,38,Male,,Caucasian,,Yes,Lean Democrat,Yes,2
2018-11-01 13:28:35,2018-11-01 13:33:49,IP Address,76.6.82.67,100,313,True,2018-11-01 13:33:53,R_3CBqWN7bYEbgB9A,,,,,32.568603515625,-96.26760101318359375,anonymous,EN,Yes- I consent,,,,,,38,Female,,Caucasian,,Maybe,Somewhere in-between,Yes,2
2018-11-01 13:31:43,2018-11-01 13:33:52,IP Address,172.126.0.46,100,128,True,2018-11-01 13:33:53,R_3kjDEPw9GR4Y8gV,,,,,34.0756072998046875,-89.88770294189453125,anonymous,EN,Yes- I consent,,,,,,46,Male,,Caucasian,,Yes,Lean Republican,Yes,2
2018-11-01 13:32:40,2018-11-01 13:33:49,IP Address,75.137.152.180,100,69,True,2018-11-01 13:33:53,R_1PUzGRzD2TbCFMS,,,,,32.9015045166015625,-84.3323974609375,anonymous,EN,Yes- I consent,32.137,32.137,35.886,1,3,38,Male,,Caucasian,,Yes,Lean Democrat,Yes,1
2018-11-01 13:31:49,2018-11-01 13:33:53,IP Address,68.10.164.103,100,124,True,2018-11-01 13:33:54,R_3npBz6BshFz0o9Q,,,,,36.8585968017578125,-76.2686004638671875,anonymous,EN,Yes- I consent,,,,,,34,Female,,Black/African,,Yes,Lean Democrat,Yes,2
2018-11-01 13:32:58,2018-11-01 13:33:55,IP Address,141.214.17.234,100,57,True,2018-11-01 13:33:55,R_b9gCAT5vMyuA5u9,,,,,42.30419921875,-83.7068023681640625,anonymous,EN,Yes- I consent,,,,,,25,Female,,Caucasian,,Yes,Lean Democrat,Yes,2
2018-11-01 13:33:36,2018-11-01 13:34:02,IP Address,73.158.79.156,100,25,True,2018-11-01 13:34:02,R_QnrKUSX4GJrDnDX,,,,,37.35009765625,-121.9853973388671875,anonymous,EN,Yes- I consent,,,,,,38,Female,,Asian,,Yes,Lean Democrat,Yes,2
2018-11-01 13:31:48,2018-11-01 13:34:03,IP Address,173.31.98.116,100,134,True,2018-11-01 13:34:03,R_10PlMyCNWf0pIdd,,,,,41.9105987548828125,-91.714202880859375,anonymous,EN,Yes- I consent,,,,,,50,Male,,Caucasian,,Yes,Somewhere in-between,Yes,2
2018-11-01 13:33:23,2018-11-01 13:34:04,IP Address,73.96.104.139,100,40,True,2018-11-01 13:34:04,R_D1B04eFvzd0FSBX,,,,,45.5287017822265625,-122.63629913330078125,anonymous,EN,Yes- I consent,,,,,,30,Male,,Caucasian,,Yes,Lean Democrat,Yes,2
2018-11-01 13:30:14,2018-11-01 13:34:09,IP Address,76.220.76.169,100,234,True,2018-11-01 13:34:10,R_OkA0aub7baJQ2pr,,,,,38.0030975341796875,-121.91719818115234375,anonymous,EN,Yes- I consent,41.282,41.282,42.884,1,3,51,Male,,Asian,,Yes,Somewhere in-between,Yes,1
2018-11-01 13:33:28,2018-11-01 13:34:20,IP Address,50.81.178.92,100,52,True,2018-11-01 13:34:21,R_3pbw4uKdBN4kR8T,,,,,32.536895751953125,-84.927398681640625,anonymous,EN,Yes- I consent,,,,,,27,Male,,Black/African,,Yes,Somewhere in-between,Yes,2
2018-11-01 13:32:10,2018-11-01 13:34:30,IP Address,173.81.116.50,100,140,True,2018-11-01 13:34:30,R_308KiXuJMgPmrlI,,,,,38.34979248046875,-81.632598876953125,anonymous,EN,Yes- I consent,47.13,47.13,91.276,1,3,43,Female,,Caucasian,,Yes,Lean Republican,Yes,1
2018-11-01 13:34:01,2018-11-01 13:34:34,IP Address,174.197.24.2,100,33,True,2018-11-01 13:34:34,R_3FQllJ7eXFMWGd0,,,,,42.2342987060546875,-88.30680084228515625,anonymous,EN,Yes- I consent,,,,,,39,Female,,Caucasian,,Yes,Lean Republican,Yes,2
2018-11-01 13:32:30,2018-11-01 13:34:40,IP Address,71.84.233.244,100,129,True,2018-11-01 13:34:40,R_8vJnpjYcVIhNkIx,,,,,34.0657958984375,-118.085296630859375,anonymous,EN,Yes- I consent,,,,,,41,Male,,Caucasian,,Yes,Lean Democrat,Yes,2
2018-11-01 13:33:13,2018-11-01 13:34:48,IP Address,76.218.210.249,100,94,True,2018-11-01 13:34:48,R_31z8KsmzPa3RvDE,,,,,37.7194976806640625,-122.44110107421875,anonymous,EN,Yes- I consent,,,,,,21,Female,,Asian,,Yes,Lean Democrat,Yes,2
2018-11-01 13:34:25,2018-11-01 13:34:49,IP Address,170.12.232.250,100,23,True,2018-11-01 13:34:49,R_2AHKCzdblc8eET1,,,,,27.8737945556640625,-82.6399993896484375,anonymous,EN,Yes- I consent,,,,,,37,Female,,Caucasian,,Yes,Lean Democrat,Yes,2
2018-11-01 13:33:30,2018-11-01 13:34:52,IP Address,24.0.80.81,100,82,True,2018-11-01 13:34:52,R_3CCSrIATtZF28OB,,,,,39.9871978759765625,-74.16010284423828125,anonymous,EN,Yes- I consent,2.491,43.961,44.959,6,3,26,Female,,Caucasian,,Yes,Somewhere in-between,Yes,1
2018-11-01 13:33:32,2018-11-01 13:34:54,IP Address,156.145.1.17,100,81,True,2018-11-01 13:34:54,R_cTnKAeNDt74QG53,,,,,40.98779296875,-73.86299896240234375,anonymous,EN,Yes- I consent,59.532,59.532,60.431,1,3,29,Female,,Caucasian,,Maybe,Somewhere in-between,Yes,1
2018-11-01 13:33:53,2018-11-01 13:34:58,IP Address,136.63.108.120,100,65,True,2018-11-01 13:34:58,R_1gRA9x0pPiowchi,,,,,39.0565032958984375,-94.59290313720703125,anonymous,EN,Yes- I consent,39.419,39.419,40.596,1,3,45,Female,,Caucasian,,Yes,Lean Democrat,Yes,1
2018-11-01 13:32:42,2018-11-01 13:34:58,IP Address,73.153.52.95,100,136,True,2018-11-01 13:34:59,R_1Ovu6y5K0cUyiZb,,,,,39.825897216796875,-104.9113006591796875,anonymous,EN,Yes- I consent,6.901,66.009,67.215,6,3,25,Female,,Black/African,,Yes,Somewhere in-between,Yes,1
2018-11-01 13:33:28,2018-11-01 13:34:59,IP Address,170.140.213.76,100,91,True,2018-11-01 13:34:59,R_3kIkggcpuZV6nTE,,,,,33.795196533203125,-84.324798583984375,anonymous,EN,Yes- I consent,56.559,56.559,68.869,1,3,41,Female,,Caucasian,,Yes,Lean Democrat,Yes,1
2018-11-01 13:34:29,2018-11-01 13:35:01,IP Address,192.110.200.50,100,31,True,2018-11-01 13:35:01,R_cGfhf0p4U7y1fNf,,,,,42.7295989990234375,-94.67369842529296875,anonymous,EN,Yes- I consent,,,,,,33,Female,,Caucasian,,Yes,Lean Democrat,Yes,2
2018-11-01 13:32:23,2018-11-01 13:35:04,IP Address,73.144.24.143,100,160,True,2018-11-01 13:35:04,R_2382FskLEnGz0OE,,,,,42.3376007080078125,-83.125396728515625,anonymous,EN,Yes- I consent,55.754,55.754,58.084,1,3,31,Male,,Black/African,,No,Lean Democrat,Yes,1
2018-11-01 13:34:24,2018-11-01 13:35:11,IP Address,174.192.14.118,100,47,True,2018-11-01 13:35:11,R_1FmKJ0O6Ys3bWyh,,,,,42.7949981689453125,-71.2256011962890625,anonymous,EN,Yes- I consent,,,,,,40,Male,,Caucasian,,Yes,Somewhere in-between,Yes,2
2018-11-01 13:34:09,2018-11-01 13:35:22,IP Address,69.85.214.226,100,72,True,2018-11-01 13:35:22,R_3HpQToYKEoNoDCz,,,,,30.4156036376953125,-84.1869964599609375,anonymous,EN,Yes- I consent,47.492,47.492,48.492,1,3,42,Male,,Caucasian,,Yes,Lean Republican,Yes,1
2018-11-01 13:34:10,2018-11-01 13:35:30,IP Address,69.29.110.131,100,79,True,2018-11-01 13:35:30,R_2ZTACBvvcyspcd8,,,,,30.6923980712890625,-92.2736968994140625,anonymous,EN,Yes- I consent,29.688,29.688,58.631,1,3,30,Male,,Caucasian,,Yes,Lean Democrat,Yes,1
2018-11-01 13:33:55,2018-11-01 13:35:33,IP Address,162.194.76.35,100,97,True,2018-11-01 13:35:33,R_1PcoHagKMQGX2Dm,,,,,42.2422027587890625,-83.18070220947265625,anonymous,EN,Yes- I consent,9.819,53.896,55.438,2,3,27,Female,,Caucasian,,Yes,Lean Democrat,Yes,1
2018-11-01 13:30:17,2018-11-01 13:35:33,IP Address,199.116.174.105,100,315,True,2018-11-01 13:35:33,R_bgrpN9lqsvyGgpz,,,,,39.01800537109375,-77.53900146484375,anonymous,EN,Yes- I consent,275.27,275.27,291.389,1,3,34,Male,,Caucasian,,Yes,Lean Democrat,Yes,1
2018-11-01 13:34:54,2018-11-01 13:35:37,IP Address,207.144.188.146,100,42,True,2018-11-01 13:35:37,R_1i3bMdssABk51ZG,,,,,34.0247039794921875,-80.9532012939453125,anonymous,EN,Yes- I consent,,,,,,52,Female,,Caucasian,,Yes,Lean Democrat,Yes,2
2018-11-01 13:33:09,2018-11-01 13:35:40,IP Address,207.255.249.68,100,150,True,2018-11-01 13:35:40,R_xt1h1vEfFXJu5Fv,,,,,40.9217987060546875,-77.05049896240234375,anonymous,EN,Yes- I consent,99.484,99.484,103.77,1,3,61,Female,,Caucasian,,Yes,Lean Democrat,Yes,1
2018-11-01 13:35:14,2018-11-01 13:36:05,IP Address,47.215.24.169,100,51,True,2018-11-01 13:36:05,R_2PB6t93PkTmt9sL,,,,,40.33160400390625,-94.8759002685546875,anonymous,EN,Yes- I consent,,,,,,52,Female,,Caucasian,,Maybe,Lean Republican,Yes,2
2018-11-01 13:35:11,2018-11-01 13:36:07,IP Address,206.255.0.117,100,55,True,2018-11-01 13:36:07,R_DvLspSUIUDvWPdL,,,,,32.5128936767578125,-94.79540252685546875,anonymous,EN,Yes- I consent,,,,,,27,Female,,Caucasian,,Yes,Lean Democrat,Yes,2
2018-11-01 13:35:00,2018-11-01 13:36:17,IP Address,172.58.41.8,100,76,True,2018-11-01 13:36:17,R_3GkZcQPjNk7dg3P,,,,,47.4485015869140625,-122.28099822998046875,anonymous,EN,Yes- I consent,6.867,45.836,46.542,9,3,31,Male,,Caucasian,,Yes,Somewhere in-between,Yes,1
2018-11-01 13:34:41,2018-11-01 13:36:19,IP Address,205.173.105.220,100,98,True,2018-11-01 13:36:20,R_2c61iZetaVAeo4y,,,,,33.8878936767578125,-84.290496826171875,anonymous,EN,Yes- I consent,67.438,70.941,71.611,3,3,30,Male,,Caucasian,,Yes,Lean Republican,Yes,1
2018-11-01 13:35:19,2018-11-01 13:36:27,IP Address,206.248.239.250,100,67,True,2018-11-01 13:36:27,R_1eshzOM1t3XRWq2,,,,,37.9626007080078125,-78.84100341796875,anonymous,EN,Yes- I consent,39.369,41.886,42.456,3,3,41,Male,,Caucasian,,Yes,Lean Republican,Yes,1
2018-11-01 13:36:17,2018-11-01 13:36:40,IP Address,67.133.97.99,100,23,True,2018-11-01 13:36:41,R_21vqDG6jPw6DiWb,,,,,39.7339935302734375,-105.02590179443359375,anonymous,EN,Yes- I consent,,,,,,31,Female,,Caucasian,,Yes,Lean Democrat,Yes,2
2018-11-01 13:35:44,2018-11-01 13:36:52,IP Address,72.47.75.251,100,68,True,2018-11-01 13:36:52,R_PYBPWyTd8JiayOd,,,,,35.8329925537109375,-90.696502685546875,anonymous,EN,Yes- I consent,40.542,44.196,45.019,2,3,34,Male,,Caucasian,,Yes,Lean Republican,Yes,1
2018-11-01 13:36:14,2018-11-01 13:36:59,IP Address,73.228.127.163,100,45,True,2018-11-01 13:37:00,R_UT8DjIgiObOdDAR,,,,,40.4647064208984375,-111.63320159912109375,anonymous,EN,Yes- I consent,,,,,,23,Female,,Caucasian,,No,Lean Democrat,No,2
2018-11-01 13:36:09,2018-11-01 13:37:01,IP Address,66.38.28.100,100,52,True,2018-11-01 13:37:02,R_3iyiRQ79U1Lm4n9,,,,,36.695098876953125,-86.85939788818359375,anonymous,EN,Yes- I consent,,,,,,66,Female,,Caucasian,,Yes,Lean Republican,Yes,2
2018-11-01 13:35:52,2018-11-01 13:37:03,IP Address,64.63.136.18,100,70,True,2018-11-01 13:37:03,R_2adEj4gUcjaa0ed,,,,,26.27850341796875,-80.11679840087890625,anonymous,EN,Yes- I consent,29.363,29.363,45.479,1,3,41,Female,,Black/African,,Yes,Lean Democrat,Yes,1
2018-11-01 13:36:34,2018-11-01 13:37:14,IP Address,75.68.247.158,100,39,True,2018-11-01 13:37:14,R_RDiJZQ3Aa33ky4N,,,,,43.8972930908203125,-69.97789764404296875,anonymous,EN,Yes- I consent,,,,,,32,Male,,Caucasian,,Yes,Lean Republican,Yes,2
2018-11-01 13:37:47,2018-11-01 13:38:08,IP Address,24.146.131.64,100,21,True,2018-11-01 13:38:09,R_3Pc4Hmbo3QF1ZgQ,,,,,40.94610595703125,-73.8668975830078125,anonymous,EN,Yes- I consent,,,,,,31,Male,,Caucasian,,Yes,Lean Republican,Yes,2
2018-11-01 13:37:37,2018-11-01 13:38:11,IP Address,74.95.93.137,100,34,True,2018-11-01 13:38:11,R_YY7BMKxKKtwieIN,,,,,39.264495849609375,-76.62239837646484375,anonymous,EN,Yes- I consent,,,,,,36,Female,,Caucasian,,Yes,Lean Democrat,Yes,2
2018-11-01 13:35:18,2018-11-01 13:38:13,IP Address,66.27.186.62,100,175,True,2018-11-01 13:38:14,R_3ndfX4zDadbITP2,,,,,34.1558990478515625,-116.431304931640625,anonymous,EN,Yes- I consent,65.501,65.501,72.828,1,3,50,Female,,Caucasian,,Yes,Lean Democrat,Yes,1
2018-11-01 13:37:27,2018-11-01 13:38:43,IP Address,24.95.184.162,100,75,True,2018-11-01 13:38:43,R_3248rJ8gWPoZPD3,,,,,38.4795074462890625,-82.6602020263671875,anonymous,EN,Yes- I consent,41.325,41.325,42.9,1,3,34,Male,,Caucasian,,Yes,Lean Republican,Yes,1
2018-11-01 13:37:46,2018-11-01 13:38:49,IP Address,47.156.22.137,100,63,True,2018-11-01 13:38:49,R_1rpoEI5PMfanQZc,,,,,34.28460693359375,-118.4398956298828125,anonymous,EN,Yes- I consent,,,,,,29,Female,,Other - Please specify,"HISPANIC/SPANISH ",Maybe,Lean Democrat,Yes,2
2018-11-01 13:37:49,2018-11-01 13:38:53,IP Address,216.249.144.81,100,64,True,2018-11-01 13:38:53,R_STwnosdXScnEwG5,,,,,36.609893798828125,-88.30319976806640625,anonymous,EN,Yes- I consent,29.95,29.95,37.638,1,5,33,Female,,Caucasian,,Yes,Lean Democrat,Yes,1
2018-11-01 13:37:53,2018-11-01 13:39:09,IP Address,66.244.80.125,100,75,True,2018-11-01 13:39:09,R_1IY35Agoc8zZj22,,,,,39.140106201171875,-86.50830078125,anonymous,EN,Yes- I consent,38.044,44.245,45.359,2,3,23,Female,,"Black/African,Caucasian",,No,Lean Democrat,,1
2018-11-01 13:39:28,2018-11-01 13:39:46,IP Address,24.13.174.184,100,17,True,2018-11-01 13:39:46,R_A6zQrGeKaDOtTI5,,,,,41.887603759765625,-87.63680267333984375,anonymous,EN,Yes- I consent,,,,,,24,Female,,Caucasian,,Yes,Lean Democrat,Yes,2
2018-11-01 13:38:56,2018-11-01 13:39:52,IP Address,165.219.245.62,100,55,True,2018-11-01 13:39:52,R_OOjZzPSGz4wuhjP,,,,,43.1945953369140625,-89.2024993896484375,anonymous,EN,Yes- I consent,20.762,20.762,37.962,1,3,37,Male,,Caucasian,,No,Lean Republican,No,1
2018-11-01 13:39:57,2018-11-01 13:40:24,IP Address,72.90.179.123,100,26,True,2018-11-01 13:40:24,R_33E9nj94fEak5ej,,,,,40.7904052734375,-74.02459716796875,anonymous,EN,Yes- I consent,,,,,,27,Female,,Caucasian,,Yes,Lean Democrat,Yes,2
2018-11-01 13:39:11,2018-11-01 13:40:30,IP Address,107.77.253.3,100,78,True,2018-11-01 13:40:30,R_2P5wBcAcKu100nQ,,,,,28.6343994140625,-81.622100830078125,anonymous,EN,Yes- I consent,,,,,,32,Female,,Caucasian,,Yes,Lean Democrat,Yes,2
2018-11-01 13:40:07,2018-11-01 13:40:40,IP Address,206.248.17.202,100,32,True,2018-11-01 13:40:40,R_30dCLtinCo3C6BB,,,,,37.2908935546875,-98.01799774169921875,anonymous,EN,Yes- I consent,,,,,,49,Male,,Caucasian,,No,Lean Democrat,No,2
2018-11-01 13:37:29,2018-11-01 13:40:46,IP Address,50.82.50.247,100,196,True,2018-11-01 13:40:46,R_1r0xeT86OqMqMtC,,,,,42.065704345703125,-93.69280242919921875,anonymous,EN,Yes- I consent,44.543,44.543,46.215,1,3,31,Female,,Caucasian,,Yes,Somewhere in-between,Yes,1
2018-11-01 13:39:53,2018-11-01 13:40:57,IP Address,96.231.32.39,100,64,True,2018-11-01 13:40:58,R_2SuIs2d3pBW4tSr,,,,,39.045501708984375,-76.92420196533203125,anonymous,EN,Yes- I consent,,,,,,31,Female,,Asian,,Maybe,Lean Democrat,No,2
2018-11-01 13:39:17,2018-11-01 13:41:02,IP Address,132.239.85.116,100,105,True,2018-11-01 13:41:02,R_3QMj3gS2ptzCZz4,,,,,32.8473052978515625,-117.274200439453125,anonymous,EN,Yes- I consent,54.599,54.599,68.037,1,3,31,Female,,Caucasian,,Yes,Lean Democrat,Yes,1
2018-11-01 13:36:32,2018-11-01 13:41:08,IP Address,209.50.139.253,100,275,True,2018-11-01 13:41:08,R_2w78Ta6gIXmvqDf,,,,,40.9008026123046875,-75.11150360107421875,anonymous,EN,Yes- I consent,35.08,35.08,36.329,1,3,40,Male,,Caucasian,,Maybe,Lean Democrat,Yes,1
2018-11-01 13:39:19,2018-11-01 13:41:08,IP Address,76.243.113.111,100,108,True,2018-11-01 13:41:09,R_1ptJP0YLWPqE5Qj,,,,,41.588897705078125,-81.5453033447265625,anonymous,EN,Yes- I consent,51.026,51.026,59.787,1,3,22,Male,,Caucasian,,Yes,Lean Republican,Yes,1
2018-11-01 13:40:40,2018-11-01 13:41:11,IP Address,68.59.23.65,100,31,True,2018-11-01 13:41:11,R_21HhIeBk3SFx3kG,,,,,42.3755950927734375,-83.10849761962890625,anonymous,EN,Yes- I consent,,,,,,33,Female,,Black/African,,Yes,Lean Democrat,Yes,2
2018-11-01 13:39:47,2018-11-01 13:41:23,IP Address,68.37.57.254,100,96,True,2018-11-01 13:41:23,R_3mleBQ1WmdzTl7e,,,,,42.6710968017578125,-82.9994964599609375,anonymous,EN,Yes- I consent,14.938,52.664,54.891,3,3,49,Female,,Caucasian,,Yes,Lean Democrat,Yes,1
2018-11-01 13:40:54,2018-11-01 13:41:24,IP Address,73.47.58.182,100,30,True,2018-11-01 13:41:25,R_1GCcpaA7Poeka2v,,,,,42.3347015380859375,-71.03749847412109375,anonymous,EN,Yes- I consent,,,,,,26,Male,,Caucasian,,Yes,Lean Republican,Yes,2
2018-11-01 13:40:57,2018-11-01 13:41:26,IP Address,24.229.183.111,100,29,True,2018-11-01 13:41:26,R_2zdN3LSE2lcS3b8,,,,,40.699798583984375,-75.487396240234375,anonymous,EN,Yes- I consent,,,,,,31,Male,,Asian,,Maybe,Somewhere in-between,No,2
2018-11-01 13:40:12,2018-11-01 13:41:30,IP Address,24.61.239.239,100,77,True,2018-11-01 13:41:30,R_2OPSeSbtrOfBACX,,,,,42.2617950439453125,-72.25830078125,anonymous,EN,Yes- I consent,21.988,34.523,46.203,2,3,43,Male,,Caucasian,,Maybe,Lean Democrat,Yes,1
2018-11-01 13:41:17,2018-11-01 13:41:38,IP Address,108.5.233.30,100,21,True,2018-11-01 13:41:39,R_sYUIroCxQxbyuwF,,,,,40.72210693359375,-74.04689788818359375,anonymous,EN,Yes- I consent,,,,,,27,Male,,Caucasian,,No,Somewhere in-between,No,2
2018-11-01 13:39:58,2018-11-01 13:41:46,IP Address,74.78.76.43,100,108,True,2018-11-01 13:41:46,R_2ARa9Yfsq8c4S7d,,,,,44.6551971435546875,-68.886199951171875,anonymous,EN,Yes- I consent,59.27,59.27,60.761,1,3,73,Male,,Caucasian,,Yes,Lean Republican,Yes,1
2018-11-01 13:40:07,2018-11-01 13:41:52,IP Address,184.195.207.10,100,105,True,2018-11-01 13:41:53,R_2xEImLq7pwkMr50,,,,,41.727203369140625,-86.2447967529296875,anonymous,EN,Yes- I consent,11.817,57.493,59.525,3,3,28,Male,,Caucasian,,No,Somewhere in-between,Yes,1
2018-11-01 13:41:03,2018-11-01 13:41:56,IP Address,98.10.13.84,100,52,True,2018-11-01 13:41:56,R_2w4CN4nfv1KHY9q,,,,,43.0718994140625,-77.09760284423828125,anonymous,EN,Yes- I consent,,,,,,68,Female,,Caucasian,,Yes,Lean Republican,Yes,2
2018-11-01 13:41:48,2018-11-01 13:42:06,IP Address,74.66.215.59,100,18,True,2018-11-01 13:42:07,R_BJ7Zqyof0vHbvkl,,,,,40.766693115234375,-73.8240966796875,anonymous,EN,Yes- I consent,,,,,,29,Male,,Caucasian,,Yes,Lean Democrat,Yes,2
2018-11-01 13:31:10,2018-11-01 13:42:17,IP Address,47.199.50.10,100,666,True,2018-11-01 13:42:17,R_Ti1C04v4MF2I7HX,,,,,28.2129058837890625,-82.68070220947265625,anonymous,EN,Yes- I consent,21.712,43.175,48.101,3,3,51,Female,,Black/African,,Yes,Lean Democrat,Yes,1
2018-11-01 13:40:35,2018-11-01 13:42:17,IP Address,162.40.216.198,100,101,True,2018-11-01 13:42:17,R_1KeVkcKhGAjpNlT,,,,,33.57879638671875,-102.3675994873046875,anonymous,EN,Yes- I consent,24.863,24.863,41.395,1,3,28,Female,,Caucasian,,Yes,Lean Democrat,Yes,1
2018-11-01 13:40:19,2018-11-01 13:42:17,IP Address,45.4.197.76,100,118,True,2018-11-01 13:42:17,R_1ps7nyZ6ukPYoMc,,,,,40.7483978271484375,-73.99669647216796875,anonymous,EN,Yes- I consent,,,,,,40,Female,,Caucasian,,Yes,Lean Democrat,Yes,2
2018-11-01 13:42:06,2018-11-01 13:42:28,IP Address,66.168.194.54,100,21,True,2018-11-01 13:42:28,R_1Timbbp2bCOqUBX,,,,,34.377593994140625,-83.760498046875,anonymous,EN,Yes- I consent,,,,,,37,Female,,Caucasian,,Maybe,Somewhere in-between,Yes,2
2018-11-01 13:42:01,2018-11-01 13:42:37,IP Address,73.12.82.222,100,35,True,2018-11-01 13:42:37,R_3jfkpVHPBrm51tl,,,,,36.58740234375,-79.86859893798828125,anonymous,EN,Yes- I consent,,,,,,60,Male,,Caucasian,,Yes,Lean Republican,Yes,2
2018-11-01 13:41:10,2018-11-01 13:42:41,IP Address,98.218.242.229,100,90,True,2018-11-01 13:42:41,R_21ccCiHjJNHgdSa,,,,,38.9517974853515625,-77.02030181884765625,anonymous,EN,Yes- I consent,42.184,42.184,43.51,1,3,28,Male,,Black/African,,Yes,Lean Republican,Yes,1
2018-11-01 13:41:10,2018-11-01 13:42:50,IP Address,198.111.39.124,100,99,True,2018-11-01 13:42:50,R_27eNIpgFO4RixRk,,,,,42.464996337890625,-83.2306976318359375,anonymous,EN,Yes- I consent,73.692,73.692,74.927,1,3,29,Male,,Caucasian,,Maybe,Somewhere in-between,No,1
2018-11-01 13:42:27,2018-11-01 13:42:52,IP Address,138.207.255.82,100,25,True,2018-11-01 13:42:52,R_1Iiw1R3jMptUgPV,,,,,39.8896942138671875,-79.72820281982421875,anonymous,EN,Yes- I consent,,,,,,30,Male,,Caucasian,,Yes,Somewhere in-between,Yes,2
2018-11-01 13:41:49,2018-11-01 13:42:56,IP Address,47.152.41.131,100,67,True,2018-11-01 13:42:56,R_2bUUlXXULqafvb2,,,,,33.8307037353515625,-118.38320159912109375,anonymous,EN,Yes- I consent,7.604,11.732,39.152,3,5,21,Male,,Caucasian,,Maybe,Somewhere in-between,Yes,1
2018-11-01 13:41:10,2018-11-01 13:43:13,IP Address,174.67.23.135,100,122,True,2018-11-01 13:43:14,R_2BbUIAwLK9GSrBG,,,,,35.3791961669921875,-97.53620147705078125,anonymous,EN,Yes- I consent,1.591,51.767,51.735,11,3,25,Male,,Caucasian,,Yes,Somewhere in-between,Yes,1
2018-11-01 13:41:07,2018-11-01 13:43:19,IP Address,76.106.206.213,100,132,True,2018-11-01 13:43:20,R_1EckuBE7kQE6LEA,,,,,30.145904541015625,-81.5738983154296875,anonymous,EN,Yes- I consent,51.013,51.013,55.434,1,3,34,Female,,Caucasian,,Yes,Lean Republican,Yes,1
2018-11-01 13:42:09,2018-11-01 13:43:25,IP Address,65.186.214.207,100,75,True,2018-11-01 13:43:25,R_SIrzyQNcjThvTHz,,,,,40.360504150390625,-83.75710296630859375,anonymous,EN,Yes- I consent,49.74,49.74,50.889,1,3,37,Female,,Caucasian,,Yes,Lean Democrat,Yes,1
2018-11-01 13:41:48,2018-11-01 13:43:38,IP Address,139.55.41.227,100,110,True,2018-11-01 13:43:38,R_urJsYa2afVrCqMV,,,,,37.3092041015625,-83.05680084228515625,anonymous,EN,Yes- I consent,,,,,,25,Male,,Caucasian,,Yes,Somewhere in-between,Yes,2
2018-11-01 13:42:38,2018-11-01 13:43:45,IP Address,68.132.110.62,100,66,True,2018-11-01 13:43:45,R_1hzMgFZxwbe5rwC,,,,,40.7617950439453125,-73.3292999267578125,anonymous,EN,Yes- I consent,,,,,,21,Female,,Caucasian,,Maybe,Somewhere in-between,Yes,2
2018-11-01 13:42:59,2018-11-01 13:43:47,IP Address,216.56.11.2,100,47,True,2018-11-01 13:43:47,R_3lyv5bztF2mtxxZ,,,,,45.704498291015625,-89.3865966796875,anonymous,EN,Yes- I consent,,,,,,28,Male,,Caucasian,,Yes,Lean Democrat,Yes,2
2018-11-01 13:43:00,2018-11-01 13:43:56,IP Address,68.207.228.60,100,55,True,2018-11-01 13:43:56,R_2qaNDBX2Zx2mCux,,,,,27.8838958740234375,-82.82649993896484375,anonymous,EN,Yes- I consent,,,,,,57,Female,,Caucasian,,Maybe,Somewhere in-between,Yes,2
2018-11-01 13:41:51,2018-11-01 13:44:03,IP Address,71.11.181.251,100,131,True,2018-11-01 13:44:03,R_3LbVJTfgZIqUgFi,,,,,39.3863067626953125,-119.872894287109375,anonymous,EN,Yes- I consent,,,,,,43,Female,,Other - Please specify,Hispanic,Yes,Lean Democrat,Yes,2
2018-11-01 13:43:33,2018-11-01 13:44:12,IP Address,134.114.101.31,100,38,True,2018-11-01 13:44:12,R_1kFy4qtAUowtKZx,,,,,35.1981048583984375,-111.65129852294921875,anonymous,EN,Yes- I consent,,,,,,19,Female,,Caucasian,,Maybe,Somewhere in-between,Yes,2
2018-11-01 13:43:49,2018-11-01 13:44:25,IP Address,66.8.231.140,100,36,True,2018-11-01 13:44:25,R_zexLf5j2KEYu1xf,,,,,19.653106689453125,-155.97979736328125,anonymous,EN,Yes- I consent,,,,,,28,Male,,Caucasian,,Maybe,Somewhere in-between,Yes,2
2018-11-01 13:43:42,2018-11-01 13:44:29,IP Address,65.33.188.74,100,46,True,2018-11-01 13:44:29,R_2QzG9L41q72ymPM,,,,,27.9658050537109375,-82.80010223388671875,anonymous,EN,Yes- I consent,,,,,,69,Female,,Caucasian,,Yes,Lean Republican,Yes,2
2018-11-01 13:43:24,2018-11-01 13:44:30,IP Address,199.87.130.130,100,66,True,2018-11-01 13:44:30,R_wRIYpmCfrKmbmHn,,,,,37.4954986572265625,-77.47100067138671875,anonymous,EN,Yes- I consent,27.026,27.026,40.487,1,3,43,Male,,Caucasian,,Yes,Lean Democrat,Yes,1
2018-11-01 13:42:01,2018-11-01 13:44:33,IP Address,73.24.158.169,100,151,True,2018-11-01 13:44:33,R_2rAApriD48EtPcZ,,,,,32.4075927734375,-111.06500244140625,anonymous,EN,Yes- I consent,11.178,74.066,76.582,10,3,68,Female,,Caucasian,,Yes,Lean Republican,Yes,1
2018-11-01 13:44:01,2018-11-01 13:44:34,IP Address,136.62.5.48,100,33,True,2018-11-01 13:44:35,R_pKUsp98IxrdDzup,,,,,30.2427978515625,-97.76580047607421875,anonymous,EN,Yes- I consent,,,,,,41,Male,,"Asian,Caucasian",,Yes,Lean Democrat,Yes,2
2018-11-01 13:44:15,2018-11-01 13:44:39,IP Address,216.83.74.3,100,24,True,2018-11-01 13:44:39,R_31EDrwVOH6wVic4,,,,,42.5565032958984375,-114.46929931640625,anonymous,EN,Yes- I consent,,,,,,28,Male,,Caucasian,,Yes,Lean Democrat,Yes,2
2018-11-01 13:43:41,2018-11-01 13:44:40,IP Address,68.60.237.138,100,58,True,2018-11-01 13:44:40,R_2zvgiMuBk80XCU0,,,,,39.8441925048828125,-85.9739990234375,anonymous,EN,Yes- I consent,27.675,27.675,33.932,1,3,41,Male,,Caucasian,,Maybe,Somewhere in-between,Yes,1
2018-11-01 13:43:20,2018-11-01 13:44:49,IP Address,24.175.72.69,100,88,True,2018-11-01 13:44:49,R_28UvFVLNgUjBVzr,,,,,25.9221038818359375,-97.4611968994140625,anonymous,EN,Yes- I consent,43.567,43.567,46.268,1,3,41,Female,,Asian,,No,Somewhere in-between,No,1
2018-11-01 13:44:38,2018-11-01 13:45:00,IP Address,24.144.18.198,100,21,True,2018-11-01 13:45:00,R_2an7Q7PN85RjVf4,,,,,35.082305908203125,-92.46829986572265625,anonymous,EN,Yes- I consent,,,,,,34,Female,,Caucasian,,Yes,Lean Democrat,Yes,2
2018-11-01 13:44:34,2018-11-01 13:45:02,IP Address,75.187.87.55,100,28,True,2018-11-01 13:45:03,R_Og3ClJNGdowtcfT,,,,,40.1183013916015625,-83.7834014892578125,anonymous,EN,Yes- I consent,,,,,,26,Male,,Caucasian,,Yes,Lean Republican,Yes,2
2018-11-01 13:44:40,2018-11-01 13:45:10,IP Address,173.14.145.81,100,29,True,2018-11-01 13:45:10,R_31WrparNoHHYuHe,,,,,42.71380615234375,-70.9069976806640625,anonymous,EN,Yes- I consent,,,,,,57,Female,,Asian,,Yes,Lean Democrat,Yes,2
2018-11-01 13:44:02,2018-11-01 13:45:11,IP Address,76.182.236.77,100,69,True,2018-11-01 13:45:11,R_268xbcAi82kWwW3,,,,,33.1768951416015625,-96.6985015869140625,anonymous,EN,Yes- I consent,42.28,42.28,43.366,1,3,43,Female,,Caucasian,,Yes,Lean Democrat,Yes,1
2018-11-01 13:43:51,2018-11-01 13:45:14,IP Address,216.255.169.72,100,83,True,2018-11-01 13:45:14,R_3DTqCrHeC7UUYRX,,,,,41.3571929931640625,-72.05789947509765625,anonymous,EN,Yes- I consent,39.191,39.191,41.07,1,3,30,Female,,Caucasian,,Yes,Lean Democrat,Yes,1
2018-11-01 13:44:04,2018-11-01 13:45:26,IP Address,129.64.152.133,100,81,True,2018-11-01 13:45:27,R_DkFygD07zqfG1nH,,,,,42.3567047119140625,-71.2505035400390625,anonymous,EN,Yes- I consent,48.244,48.244,49.174,1,5,25,Female,,Caucasian,,Yes,Lean Democrat,Yes,1
2018-11-01 13:45:03,2018-11-01 13:45:32,IP Address,75.144.219.237,100,28,True,2018-11-01 13:45:33,R_2fBDTDlJl9kVbVo,,,,,26.4029998779296875,-80.18129730224609375,anonymous,EN,Yes- I consent,,,,,,26,Female,,Caucasian,,Yes,Lean Democrat,Yes,2
2018-11-01 13:44:50,2018-11-01 13:45:53,IP Address,45.47.105.63,100,62,True,2018-11-01 13:45:53,R_12shxk1Wq8IGker,,,,,42.9904022216796875,-75.97029876708984375,anonymous,EN,Yes- I consent,16.464,38.823,41.439,5,3,19,Female,,Caucasian,,Yes,Lean Democrat,Yes,1
2018-11-01 13:44:09,2018-11-01 13:45:58,IP Address,96.65.82.49,100,108,True,2018-11-01 13:45:58,R_1hNfXxKHlS4Rjgk,,,,,41.1165924072265625,-87.869598388671875,anonymous,EN,Yes- I consent,40.831,40.831,43.824,1,3,38,Male,,Caucasian,,Yes,Lean Democrat,Yes,1
2018-11-01 13:45:18,2018-11-01 13:46:22,IP Address,199.218.242.15,100,64,True,2018-11-01 13:46:22,R_1nYP6x6z2n64asR,,,,,40.0325927734375,-82.91030120849609375,anonymous,EN,Yes- I consent,43.642,43.642,44.768,1,3,39,Male,,Caucasian,,Yes,Lean Democrat,Yes,1
2018-11-01 13:43:12,2018-11-01 13:46:33,IP Address,73.121.39.251,100,200,True,2018-11-01 13:46:34,R_1jm4W1OjofBGdSx,,,,,36.015899658203125,-84.262298583984375,anonymous,EN,Yes- I consent,9.168,102.804,106.079,3,3,37,Male,,Caucasian,,Yes,Lean Democrat,Yes,1
2018-11-01 13:44:18,2018-11-01 13:46:41,IP Address,71.227.246.167,100,142,True,2018-11-01 13:46:41,R_3sctnLLcfifsxiK,,,,,47.10369873046875,-122.3235015869140625,anonymous,EN,Yes- I consent,,,,,,65,Female,,Caucasian,,Yes,Lean Republican,Yes,2
2018-11-01 13:44:59,2018-11-01 13:46:42,IP Address,98.166.210.232,100,102,True,2018-11-01 13:46:42,R_RJj5dEkZ4EnlRlL,,,,,37.050506591796875,-76.35230255126953125,anonymous,EN,Yes- I consent,,,,,,46,Male,,Other - Please specify,white,Maybe,Somewhere in-between,No,2
2018-11-01 13:44:53,2018-11-01 13:47:26,IP Address,50.206.232.226,100,152,True,2018-11-01 13:47:26,R_1gFrqy4syBpccMO,,,,,42.007598876953125,-87.99310302734375,anonymous,EN,Yes- I consent,123.436,123.436,125.551,1,3,35,Female,,Caucasian,,Yes,Lean Democrat,Yes,1
2018-11-01 13:47:04,2018-11-01 13:47:38,IP Address,73.144.26.202,100,33,True,2018-11-01 13:47:39,R_2ZPjyA20mHtiaS2,,,,,42.4055938720703125,-83.0531005859375,anonymous,EN,Yes- I consent,,,,,,40,Female,,"Black/African,Caucasian",,Yes,Somewhere in-between,Yes,2
2018-11-01 13:46:58,2018-11-01 13:47:57,IP Address,65.30.8.106,100,58,True,2018-11-01 13:47:57,R_1plLzFnOEVfMq7z,,,,,43.0281982421875,-88.29489898681640625,anonymous,EN,Yes- I consent,33.561,33.561,36.634,1,3,34,Female,,Caucasian,,No,Somewhere in-between,No,1
2018-11-01 13:47:52,2018-11-01 13:48:27,IP Address,75.174.91.23,100,35,True,2018-11-01 13:48:27,R_2SieZQX8c5w27mo,,,,,43.5850982666015625,-116.2191009521484375,anonymous,EN,Yes- I consent,,,,,,25,Male,,Caucasian,,Yes,Lean Republican,Yes,2
2018-11-01 13:35:21,2018-11-01 13:48:32,IP Address,100.12.178.53,100,790,True,2018-11-01 13:48:32,R_1dNsQPNeTIvIgEN,,,,,40.735107421875,-73.87760162353515625,anonymous,EN,Yes- I consent,,,,,,25,Female,,Asian,,Yes,Lean Democrat,Yes,2
2018-11-01 13:47:55,2018-11-01 13:48:49,IP Address,100.36.30.67,100,54,True,2018-11-01 13:48:50,R_9sQ7ben0lNpjbS9,,,,,38.931793212890625,-77.35269927978515625,anonymous,EN,Yes- I consent,26.7,26.7,35.043,1,3,23,Male,,Asian,,Yes,Lean Democrat,Yes,1
2018-11-01 13:48:25,2018-11-01 13:48:58,IP Address,104.63.94.49,100,33,True,2018-11-01 13:48:59,R_1PTM10yXtlcwxEm,,,,,42.687103271484375,-83.91400146484375,anonymous,EN,Yes- I consent,,,,,,57,Male,,Caucasian,,Yes,Lean Democrat,Yes,2
2018-11-01 13:47:50,2018-11-01 13:49:03,IP Address,99.57.35.40,100,72,True,2018-11-01 13:49:03,R_332B40VmqVI7rBa,,,,,42.3542022705078125,-87.8650970458984375,anonymous,EN,Yes- I consent,,,,,,21,Male,,Other - Please specify,Mexican,Maybe,Lean Democrat,No,2
2018-11-01 13:48:22,2018-11-01 13:49:17,IP Address,71.174.224.7,100,54,True,2018-11-01 13:49:17,R_12g7JVhuN8evWTY,,,,,42.7115020751953125,-71.16699981689453125,anonymous,EN,Yes- I consent,16.596,16.596,36.175,1,3,26,Female,,Caucasian,,Yes,Lean Democrat,Yes,1
2018-11-01 13:49:46,2018-11-01 13:50:22,IP Address,100.40.219.143,100,35,True,2018-11-01 13:50:22,R_2dojSbEzAaSLZSI,,,,,41.969696044921875,-74.066802978515625,anonymous,EN,Yes- I consent,,,,,,33,Female,,Caucasian,,Yes,Lean Democrat,Yes,2
2018-11-01 13:50:12,2018-11-01 13:50:37,IP Address,65.71.154.251,100,25,True,2018-11-01 13:50:38,R_11dtYasBj0LyANw,,,,,34.7888031005859375,-92.41269683837890625,anonymous,EN,Yes- I consent,,,,,,27,Female,,Black/African,,Yes,Lean Democrat,Yes,2
2018-11-01 13:49:36,2018-11-01 13:50:40,IP Address,12.219.73.130,100,63,True,2018-11-01 13:50:40,R_3G0UVjlWiHteSpv,,,,,30.5735931396484375,-88.74410247802734375,anonymous,EN,Yes- I consent,37.075,39.492,41.659,2,3,36,Female,,Caucasian,,Yes,Lean Republican,Yes,1
2018-11-01 13:49:02,2018-11-01 13:51:07,IP Address,108.254.197.223,100,124,True,2018-11-01 13:51:07,R_38ARKC1Axkb7N1D,,,,,30.001007080078125,-91.81999969482421875,anonymous,EN,Yes- I consent,9.832,66.256,67.633,4,3,24,Female,,Black/African,,Yes,Lean Democrat,Yes,1
2018-11-01 13:49:51,2018-11-01 13:51:31,IP Address,73.89.161.2,100,99,True,2018-11-01 13:51:31,R_xznAJWXzMrGAsq5,,,,,42.322296142578125,-72.6313018798828125,anonymous,EN,Yes- I consent,14.911,58.536,59.725,6,3,53,Male,,Caucasian,,Yes,Lean Democrat,Yes,1
2018-11-01 13:50:54,2018-11-01 13:51:43,IP Address,47.199.68.211,100,48,True,2018-11-01 13:51:43,R_3oTpgHVBQclIhyC,,,,,27.326202392578125,-82.4723968505859375,anonymous,EN,Yes- I consent,,,,,,56,Female,,Caucasian,,Yes,Lean Democrat,Yes,2
2018-11-01 13:50:57,2018-11-01 13:51:47,IP Address,74.177.183.241,100,50,True,2018-11-01 13:51:48,R_2AKAagM5o9kd4dn,,,,,36.072601318359375,-79.79199981689453125,anonymous,EN,Yes- I consent,,,,,,49,Female,,Caucasian,,Yes,Lean Republican,Yes,2
2018-11-01 13:51:11,2018-11-01 13:52:08,IP Address,209.129.121.81,100,56,True,2018-11-01 13:52:08,R_3gMe4Ma7WyPTETp,,,,,36.7303924560546875,-119.7888031005859375,anonymous,EN,Yes- I consent,,,,,,31,Male,,Caucasian,,Yes,Lean Democrat,Yes,2
2018-11-01 13:52:00,2018-11-01 13:52:24,IP Address,98.200.189.160,100,23,True,2018-11-01 13:52:24,R_z299oqL4VMa6MF3,,,,,29.7404022216796875,-95.8303985595703125,anonymous,EN,Yes- I consent,,,,,,30,Female,,Caucasian,,Yes,Somewhere in-between,Yes,2
2018-11-01 13:51:01,2018-11-01 13:52:25,IP Address,173.85.106.157,100,84,True,2018-11-01 13:52:26,R_3gMm8YLDUe8Ngk0,,,,,47.9884033203125,-122.20059967041015625,anonymous,EN,Yes- I consent,51.962,54.624,56.003,3,3,35,Female,,Asian,,Maybe,Lean Democrat,No,1
2018-11-01 13:51:27,2018-11-01 13:52:47,IP Address,50.105.191.0,100,79,True,2018-11-01 13:52:48,R_1jVrppfcOY3qFZL,,,,,43.5774993896484375,-89.482696533203125,anonymous,EN,Yes- I consent,50.012,52.35,53.082,2,5,25,Male,,Caucasian,,Maybe,Lean Republican,Yes,1
2018-11-01 13:47:18,2018-11-01 13:53:23,IP Address,67.40.177.74,100,365,True,2018-11-01 13:53:23,R_voH21lANAfLozVT,,,,,47.63189697265625,-122.2967987060546875,anonymous,EN,Yes- I consent,132.414,132.414,133.321,1,3,26,Non-binary/ third gender,,Caucasian,,Maybe,Somewhere in-between,Yes,1
2018-11-01 13:53:13,2018-11-01 13:53:43,IP Address,71.34.74.93,100,30,True,2018-11-01 13:53:44,R_25sgKxJ7Ru1euME,,,,,45.53729248046875,-122.59870147705078125,anonymous,EN,Yes- I consent,,,,,,28,Female,,Caucasian,,No,Somewhere in-between,No,2
2018-11-01 13:52:46,2018-11-01 13:53:59,IP Address,107.77.234.58,100,72,True,2018-11-01 13:53:59,R_1OZdOUHo69eXYx6,,,,,33.748992919921875,-84.38800048828125,anonymous,EN,Yes- I consent,,,,,,51,Male,,Black/African,,Yes,Lean Democrat,Yes,2
2018-11-01 13:52:43,2018-11-01 13:53:59,IP Address,24.158.49.60,100,75,True,2018-11-01 13:53:59,R_3nDv4qUtn1bm5ny,,,,,34.641693115234375,-82.54450225830078125,anonymous,EN,Yes- I consent,40.978,43.506,44.533,3,3,47,Male,,Caucasian,,Yes,Lean Republican,Yes,1
2018-11-01 13:53:50,2018-11-01 13:54:12,IP Address,76.31.186.165,100,22,True,2018-11-01 13:54:12,R_1ogOD7gLkawT18y,,,,,30.019805908203125,-95.40869903564453125,anonymous,EN,Yes- I consent,,,,,,25,Female,,"Caucasian,Other - Please specify",Brazilian,Maybe,Lean Democrat,No,2
2018-11-01 13:54:00,2018-11-01 13:54:35,IP Address,173.230.83.1,100,34,True,2018-11-01 13:54:35,R_3GpPFZlyfzTIEGM,,,,,34.68389892578125,-82.81169891357421875,anonymous,EN,Yes- I consent,,,,,,22,Male,,Caucasian,,No,Somewhere in-between,Yes,2
2018-11-01 13:53:11,2018-11-01 13:54:40,IP Address,73.189.144.59,100,88,True,2018-11-01 13:54:40,R_3hxqZffmkrIClCw,,,,,37.7957000732421875,-122.2429046630859375,anonymous,EN,Yes- I consent,56.802,56.802,58.029,1,3,53,Female,,Asian,,No,Lean Democrat,No,1
2018-11-01 13:54:12,2018-11-01 13:54:51,IP Address,66.210.243.131,100,39,True,2018-11-01 13:54:51,R_3fYSgD1m75gOSQG,,,,,33.531097412109375,-112.17669677734375,anonymous,EN,Yes- I consent,,,,,,60,Male,,Caucasian,,Yes,Somewhere in-between,Yes,2
2018-11-01 13:54:01,2018-11-01 13:55:09,IP Address,174.20.117.229,100,67,True,2018-11-01 13:55:09,R_ZdTLcJEAfIPX3QB,,,,,45.0735931396484375,-93.13800048828125,anonymous,EN,Yes- I consent,12.769,41.296,44.914,3,3,37,Male,,Caucasian,,Yes,Lean Republican,Yes,1
2018-11-01 13:54:24,2018-11-01 13:55:34,IP Address,71.68.54.117,100,69,True,2018-11-01 13:55:34,R_1F97hssA6obkzm5,,,,,35.193603515625,-80.684600830078125,anonymous,EN,Yes- I consent,38.762,38.762,40.596,1,3,38,Male,,Asian,,Maybe,Lean Democrat,Yes,1
2018-11-01 13:54:58,2018-11-01 13:55:39,IP Address,67.182.33.94,100,41,True,2018-11-01 13:55:40,R_1JKJ8fo47vQZ6Gh,,,,,37.63690185546875,-121.0171051025390625,anonymous,EN,Yes- I consent,,,,,,26,Male,,Asian,,Yes,Lean Republican,Yes,2
2018-11-01 13:53:13,2018-11-01 13:56:00,IP Address,69.207.210.156,100,166,True,2018-11-01 13:56:00,R_3DcQL8m0oEG8JlT,,,,,42.462493896484375,-75.049102783203125,anonymous,EN,Yes- I consent,111.193,114.96,116.106,2,3,38,Female,,Caucasian,,Yes,Lean Democrat,Yes,1
2018-11-01 13:55:05,2018-11-01 13:56:08,IP Address,184.105.35.33,100,63,True,2018-11-01 13:56:09,R_12o6A8uI251VNis,,,,,31.4093017578125,-97.23020172119140625,anonymous,EN,Yes- I consent,36.667,36.667,39.035,1,3,48,Female,,Caucasian,,Yes,Lean Republican,Yes,1
2018-11-01 13:55:40,2018-11-01 13:56:10,IP Address,24.177.221.234,100,29,True,2018-11-01 13:56:11,R_1QoXeY1pM5wR1eD,,,,,43.7982025146484375,-91.12860107421875,anonymous,EN,Yes- I consent,,,,,,32,Female,,Caucasian,,Yes,Lean Democrat,Yes,2
2018-11-01 13:54:08,2018-11-01 13:56:11,IP Address,104.37.31.176,100,122,True,2018-11-01 13:56:11,R_2alf71kJpZuwOYc,,,,,38.7259063720703125,-75.1678009033203125,anonymous,EN,Yes- I consent,43.28,43.28,59.03,1,3,26,Female,,Other - Please specify,Middle Eastern,Maybe,Somewhere in-between,Yes,1
2018-11-01 13:56:00,2018-11-01 13:56:46,IP Address,173.3.60.107,100,46,True,2018-11-01 13:56:46,R_4OXaDp8gAbXbC7v,,,,,41.2639007568359375,-74.3634033203125,anonymous,EN,Yes- I consent,,,,,,49,Female,,Caucasian,,No,Lean Democrat,No,2
2018-11-01 13:49:55,2018-11-01 13:57:01,IP Address,76.118.56.130,100,425,True,2018-11-01 13:57:01,R_3lXG4Ln2cwuq2rc,,,,,41.8560943603515625,-72.66390228271484375,anonymous,EN,Yes- I consent,203.629,257.695,258.604,8,3,25,Male,,Native American,,Yes,Lean Democrat,Yes,1
2018-11-01 13:56:18,2018-11-01 13:57:01,IP Address,75.97.92.12,100,43,True,2018-11-01 13:57:01,R_3KxNqqabHQwatS9,,,,,40.82989501953125,-75.6974029541015625,anonymous,EN,Yes- I consent,,,,,,24,Female,,Caucasian,,No,Lean Democrat,No,2
2018-11-01 13:55:44,2018-11-01 13:57:32,IP Address,152.133.6.135,100,108,True,2018-11-01 13:57:33,R_RISFLrz0hKWwrsd,,,,,40.6699981689453125,-73.93669891357421875,anonymous,EN,Yes- I consent,,,,,,34,Female,,Asian,,Yes,Somewhere in-between,Yes,2
2018-11-01 13:57:17,2018-11-01 13:58:33,IP Address,174.18.160.185,100,75,True,2018-11-01 13:58:33,R_4MCOHPwz5SkiHct,,,,,32.246795654296875,-110.92220306396484375,anonymous,EN,Yes- I consent,6.403,48.662,49.405,4,3,57,Female,,Other - Please specify,USA,Yes,Lean Democrat,Yes,1
2018-11-01 13:58:08,2018-11-01 13:58:49,IP Address,97.90.210.58,100,40,True,2018-11-01 13:58:49,R_bQahnjMppI970s1,,,,,35.6819000244140625,-82.01799774169921875,anonymous,EN,Yes- I consent,,,,,,42,Female,,Caucasian,,Maybe,Somewhere in-between,No,2
2018-11-01 13:58:05,2018-11-01 13:58:50,IP Address,47.197.18.33,100,45,True,2018-11-01 13:58:51,R_beLzx7KtHruMCHv,,,,,28.12030029296875,-82.35289764404296875,anonymous,EN,Yes- I consent,,,,,,28,Male,,Caucasian,,No,Lean Republican,No,2
2018-11-01 13:58:52,2018-11-01 13:59:14,IP Address,67.162.102.107,100,21,True,2018-11-01 13:59:14,R_1o5wkNkXYqJA9n8,,,,,40.4705047607421875,-88.94329833984375,anonymous,EN,Yes- I consent,,,,,,29,Male,,Caucasian,,Yes,Lean Democrat,Yes,2
2018-11-01 13:57:31,2018-11-01 13:59:38,IP Address,73.142.77.95,100,127,True,2018-11-01 13:59:39,R_cYiJWtOlYOFzREB,,,,,42.0399017333984375,-70.71630096435546875,anonymous,EN,Yes- I consent,76.499,79.02,80.838,2,3,68,Female,,Black/African,,Yes,Lean Democrat,Yes,1
2018-11-01 13:59:20,2018-11-01 13:59:47,IP Address,70.165.94.216,100,26,True,2018-11-01 13:59:47,R_2E6kL3uxRHq6Uv1,,,,,29.9980010986328125,-90.134002685546875,anonymous,EN,Yes- I consent,,,,,,34,Female,,Caucasian,,Yes,Lean Democrat,Yes,2
2018-11-01 13:59:03,2018-11-01 13:59:50,IP Address,73.165.184.111,100,46,True,2018-11-01 13:59:50,R_122ScSrocFkhjF6,,,,,40.23779296875,-75.295501708984375,anonymous,EN,Yes- I consent,,,,,,70,Female,,Caucasian,,Yes,Somewhere in-between,Yes,2
2018-11-01 13:58:30,2018-11-01 14:00:04,IP Address,108.210.255.126,100,94,True,2018-11-01 14:00:05,R_3dPJvKIJpqJyEAe,,,,,38.4304962158203125,-90.38700103759765625,anonymous,EN,Yes- I consent,50.332,51.895,54.973,4,3,32,Female,,Caucasian,,Yes,Somewhere in-between,Yes,1
2018-11-01 13:58:31,2018-11-01 14:00:10,IP Address,47.201.133.28,100,98,True,2018-11-01 14:00:10,R_3DwlCvDUfA7BEAp,,,,,28.3112030029296875,-81.66429901123046875,anonymous,EN,Yes- I consent,55.477,55.477,56.987,1,3,69,Male,,Caucasian,,Yes,Lean Republican,Yes,1
2018-11-01 13:59:08,2018-11-01 14:00:23,IP Address,98.11.37.18,100,75,True,2018-11-01 14:00:24,R_2TLVUPOsCN9za49,,,,,42.103302001953125,-78.40419769287109375,anonymous,EN,Yes- I consent,41.91,41.91,43.411,1,3,35,Male,,Caucasian,,Yes,Lean Republican,Yes,1
2018-11-01 14:00:06,2018-11-01 14:00:38,IP Address,64.33.92.232,100,32,True,2018-11-01 14:00:39,R_10IpGD8ViPfAffe,,,,,44.1414947509765625,-103.2052001953125,anonymous,EN,Yes- I consent,,,,,,20,Non-binary/ third gender,,Caucasian,,Maybe,Somewhere in-between,Yes,2
2018-11-01 14:00:28,2018-11-01 14:01:33,IP Address,174.201.16.7,100,65,True,2018-11-01 14:01:34,R_1PUyw6HLTRqa1n7,,,,,40.049102783203125,-75.2281036376953125,anonymous,EN,Yes- I consent,,,,,,46,Female,,Caucasian,,Yes,Lean Republican,Yes,2
2018-11-01 13:56:12,2018-11-01 14:01:35,IP Address,72.176.120.33,100,322,True,2018-11-01 14:01:35,R_1P1xrThpfAund3z,,,,,27.701995849609375,-97.34239959716796875,anonymous,EN,Yes- I consent,206.896,206.896,225.925,1,3,31,Female,,Caucasian,,Yes,Lean Democrat,Yes,1
2018-11-01 14:00:19,2018-11-01 14:01:55,IP Address,73.62.1.185,100,96,True,2018-11-01 14:01:55,R_aW40CvMfUbcbXgd,,,,,26.9904937744140625,-82.09639739990234375,anonymous,EN,Yes- I consent,2.497,46.222,48.053,4,3,30,Female,,"Black/African,Caucasian,Native American,Other - Please specify",hispanic,Yes,Lean Democrat,Yes,1
2018-11-01 13:59:57,2018-11-01 14:01:57,IP Address,73.165.184.111,100,120,True,2018-11-01 14:01:57,R_yvSvXYWszm7ToOJ,,,,,40.23779296875,-75.295501708984375,anonymous,EN,Yes- I consent,24.777,58.398,60.283,3,3,70,Female,,Caucasian,,Yes,Somewhere in-between,Yes,1
2018-11-01 14:01:29,2018-11-01 14:02:07,IP Address,50.235.29.58,100,38,True,2018-11-01 14:02:07,R_2VOaDxYEhlKIfxP,,,,,42.2794036865234375,-83.78399658203125,anonymous,EN,Yes- I consent,,,,,,37,Female,,Caucasian,,Yes,Lean Democrat,Yes,2
2018-11-01 14:01:18,2018-11-01 14:02:33,IP Address,66.66.3.100,100,75,True,2018-11-01 14:02:34,R_10SPn8JxSgTdz4P,,,,,43.1858062744140625,-77.6024017333984375,anonymous,EN,Yes- I consent,37.961,37.961,42.394,1,3,24,Male,,Caucasian,,Yes,Lean Democrat,Yes,1
2018-11-01 14:00:48,2018-11-01 14:02:46,IP Address,67.191.210.179,100,118,True,2018-11-01 14:02:46,R_2wgk4IW3p1kCFds,,,,,33.5487060546875,-84.40239715576171875,anonymous,EN,Yes- I consent,3.9,82.395,83.705,6,3,25,Male,,Caucasian,,Yes,Lean Republican,Yes,1
2018-11-01 13:53:30,2018-11-01 14:03:31,IP Address,24.210.43.198,100,601,True,2018-11-01 14:03:31,R_07oUkQqmJrOPcQN,,,,,40.0009002685546875,-82.668701171875,anonymous,EN,Yes- I consent,,,,,,28,Female,,Caucasian,,Yes,Somewhere in-between,Yes,2
2018-11-01 14:02:51,2018-11-01 14:03:35,IP Address,50.232.64.50,100,44,True,2018-11-01 14:03:35,R_XSo9Cttf8ehkz2F,,,,,42.2490997314453125,-70.997802734375,anonymous,EN,Yes- I consent,,,,,,33,Male,,Caucasian,,Yes,Lean Democrat,Yes,2
2018-11-01 14:03:20,2018-11-01 14:04:01,IP Address,76.126.51.68,100,41,True,2018-11-01 14:04:02,R_1l60lPENiPexMEp,,,,,37.878692626953125,-122.17279815673828125,anonymous,EN,Yes- I consent,,,,,,41,Male,,Caucasian,,Maybe,Lean Democrat,Yes,2
2018-11-01 14:03:46,2018-11-01 14:04:44,IP Address,162.155.236.130,100,57,True,2018-11-01 14:04:44,R_1pKdskun3hUjgJd,,,,,41.5592041015625,-81.4828033447265625,anonymous,EN,Yes- I consent,20.339,20.339,36.587,1,3,31,Male,,Caucasian,,Yes,Lean Republican,Yes,1
2018-11-01 14:04:29,2018-11-01 14:04:56,IP Address,64.147.8.1,100,27,True,2018-11-01 14:04:57,R_1FLmuaOfJyuroJz,,,,,33.6750946044921875,-117.7339019775390625,anonymous,EN,Yes- I consent,,,,,,33,Male,,Asian,,Yes,Lean Republican,Yes,2
2018-11-01 14:05:27,2018-11-01 14:05:51,IP Address,63.119.113.19,100,23,True,2018-11-01 14:05:51,R_3fcrrlxgXoZfNsz,,,,,40.71429443359375,-74.0059967041015625,anonymous,EN,Yes- I consent,,,,,,25,Male,,Black/African,,Yes,Lean Democrat,Yes,2
2018-11-01 14:04:26,2018-11-01 14:05:52,IP Address,69.181.223.187,100,86,True,2018-11-01 14:05:53,R_3G7n5eYo089pnhi,,,,,37.7812042236328125,-122.461395263671875,anonymous,EN,Yes- I consent,55.889,55.889,57.109,1,3,40,Male,,Caucasian,,Maybe,Lean Republican,Yes,1
2018-11-01 14:04:45,2018-11-01 14:06:00,IP Address,47.14.120.46,100,74,True,2018-11-01 14:06:00,R_1BRQ4m8l7n1jIX6,,,,,42.20269775390625,-71.68129730224609375,anonymous,EN,Yes- I consent,44.709,44.709,46.255,1,3,58,Female,,Caucasian,,Yes,Lean Democrat,Yes,1
2018-11-01 14:07:12,2018-11-01 14:07:39,IP Address,73.24.103.111,100,26,True,2018-11-01 14:07:39,R_3fBOJDPYwGeXCCi,,,,,28.5106048583984375,-81.197601318359375,anonymous,EN,Yes- I consent,,,,,,56,Female,,Caucasian,,Yes,Lean Democrat,Yes,2
2018-11-01 14:17:01,2018-11-01 14:17:25,IP Address,73.155.50.63,100,23,True,2018-11-01 14:17:26,R_28AiVxInuEYNXwS,,,,,30.210601806640625,-95.52570343017578125,anonymous,EN,Yes- I consent,,,,,,27,Male,,Caucasian,,Yes,Lean Democrat,Yes,2
2018-11-01 14:06:50,2018-11-01 14:34:13,IP Address,69.147.208.223,100,1642,True,2018-11-01 14:34:13,R_1hM4cALMHM2nF4s,,,,,44.9821929931640625,-92.69950103759765625,anonymous,EN,Yes- I consent,66.074,66.074,67.891,1,3,41,Female,,Caucasian,,Yes,Lean Democrat,Yes,1
2018-11-01 14:35:25,2018-11-01 14:36:25,IP Address,66.110.211.20,100,59,True,2018-11-01 14:36:25,R_26bDQ8ElTRxCPzy,,,,,31.9250946044921875,-83.779998779296875,anonymous,EN,Yes- I consent,,,,,,39,Male,,Caucasian,,Yes,Lean Republican,Yes,2
2018-11-01 14:35:36,2018-11-01 14:36:34,IP Address,184.59.113.37,100,58,True,2018-11-01 14:36:35,R_Y35HRMnm5Ls04BX,,,,,39.835296630859375,-84.11229705810546875,anonymous,EN,Yes- I consent,,,,,,40,Female,,"Black/African,Native American",,Yes,Lean Democrat,Yes,2
2018-11-01 14:35:22,2018-11-01 14:36:50,IP Address,71.163.63.118,100,87,True,2018-11-01 14:36:50,R_21u2yFMVeDQ20OW,,,,,38.951995849609375,-77.01999664306640625,anonymous,EN,Yes- I consent,43.811,43.811,45.145,1,3,46,Female,,Black/African,,Yes,Somewhere in-between,Yes,1
2018-11-01 14:35:48,2018-11-01 14:37:11,IP Address,71.195.15.101,100,82,True,2018-11-01 14:37:11,R_2ahOBqQMDhNQd0o,,,,,44.82659912109375,-93.375,anonymous,EN,Yes- I consent,41.891,41.891,47.008,1,3,56,Female,,Asian,,Yes,Lean Republican,Yes,1
2018-11-01 14:36:44,2018-11-01 14:37:18,IP Address,75.109.38.48,100,33,True,2018-11-01 14:37:18,R_2QS8UQYDz7oFZXi,,,,,38.442901611328125,-81.48040008544921875,anonymous,EN,Yes- I consent,,,,,,47,Male,,Caucasian,,Yes,Somewhere in-between,Yes,2
2018-11-01 14:35:35,2018-11-01 14:38:22,IP Address,50.204.136.171,100,166,True,2018-11-01 14:38:22,R_23ZTj8n6gl2dtEE,,,,,38.45489501953125,-122.25640106201171875,anonymous,EN,Yes- I consent,124.473,124.473,125.597,1,3,32,Male,,Caucasian,,Yes,Lean Democrat,Yes,1
2018-11-01 14:48:50,2018-11-01 14:50:00,IP Address,107.210.162.40,100,69,True,2018-11-01 14:50:00,R_3GjMgr3ZNU806xT,,,,,33.369598388671875,-84.81939697265625,anonymous,EN,Yes- I consent,40.07,40.562,41.384,2,3,28,Male,,Caucasian,,Yes,Lean Democrat,Yes,1
2018-11-01 14:56:22,2018-11-01 15:01:06,IP Address,76.185.183.214,100,284,True,2018-11-01 15:01:06,R_ODOfO5nI8E0DeP7,,,,,29.414794921875,-98.4600982666015625,anonymous,EN,Yes- I consent,,,,,,36,Male,,Other - Please specify,mixed,Maybe,Lean Democrat,Yes,2
2018-11-01 16:01:32,2018-11-01 16:02:44,IP Address,23.117.240.246,100,72,True,2018-11-01 16:02:45,R_qOe95tx0G4AV1Zv,,,,,29.6436004638671875,-95.79799652099609375,anonymous,EN,Yes- I consent,19.967,45.77,46.379,3,3,26,Male,,Caucasian,,Yes,Lean Democrat,Yes,1
2018-11-01 13:18:42,2018-11-01 13:22:46,IP Address,108.30.122.138,38,243,False,2018-11-08 12:22:47,R_27BXKqhSSjDnsiY,,,,,,,anonymous,EN,Yes- I consent,,,,,,,,,,,,,,2
2018-11-01 13:24:19,2018-11-01 13:24:27,IP Address,64.64.32.4,8,7,False,2018-11-08 12:24:39,R_2f2khmYHxJYfUTt,,,,,,,anonymous,EN,Yes- I consent,,,,,,,,,,,,,,1
2018-11-01 13:24:48,2018-11-01 13:25:01,IP Address,173.80.93.63,8,12,False,2018-11-08 12:25:02,R_eFj7Pww66eaWIO5,,,,,,,anonymous,EN,Yes- I consent,,,,,,,,,,,,,,1
2018-11-01 13:24:16,2018-11-01 13:25:14,IP Address,199.227.131.146,8,57,False,2018-11-08 12:25:23,R_u9rOllAVnz3GnCh,,,,,,,anonymous,EN,Yes- I consent,,,,,,,,,,,,,,1
2018-11-01 13:25:26,2018-11-01 13:25:51,IP Address,172.221.187.108,8,24,False,2018-11-08 12:25:57,R_2EA9yiecCUg2Qtu,,,,,,,anonymous,EN,Yes- I consent,,,,,,,,,,,,,,1
2018-11-01 13:25:43,2018-11-01 13:26:01,IP Address,24.192.185.21,8,18,False,2018-11-08 12:26:03,R_1FnqatZaaZEKXS1,,,,,,,anonymous,EN,Yes- I consent,,,,,,,,,,,,,,1
2018-11-01 13:26:45,2018-11-01 13:26:57,IP Address,174.196.143.42,8,12,False,2018-11-08 12:26:57,R_3PMj8ZLXrInrPIB,,,,,,,anonymous,EN,Yes- I consent,,,,,,,,,,,,,,1
2018-11-01 13:29:03,2018-11-01 13:29:19,IP Address,98.22.106.10,8,15,False,2018-11-08 12:29:21,R_2uK9mCdHpUNU75H,,,,,,,anonymous,EN,Yes- I consent,,,,,,,,,,,,,,1
2018-11-01 13:31:43,2018-11-01 13:31:57,IP Address,65.31.180.86,8,14,False,2018-11-08 12:32:18,R_3MKdrBreyRAuO5C,,,,,,,anonymous,EN,Yes- I consent,,,,,,,,,,,,,,1
2018-11-01 13:33:07,2018-11-01 13:33:35,IP Address,66.158.35.75,8,27,False,2018-11-08 12:33:39,R_3oRavNPoauaJSzq,,,,,,,anonymous,EN,Yes- I consent,,,,,,,,,,,,,,1
2018-11-01 13:33:28,2018-11-01 13:33:56,IP Address,69.125.99.29,92,27,False,2018-11-08 12:33:57,R_1g0UAWRFUHV7TOC,,,,,,,anonymous,EN,Yes- I consent,,,,,,28,Male,,Asian,,Maybe,Lean Republican,No,2
2018-11-01 13:42:04,2018-11-01 13:42:24,IP Address,172.56.30.153,8,20,False,2018-11-08 12:42:34,R_3CZouaU1hVqAjW5,,,,,,,anonymous,EN,Yes- I consent,,,,,,,,,,,,,,1
2018-11-01 13:42:39,2018-11-01 13:42:46,IP Address,35.50.11.97,8,6,False,2018-11-08 12:42:49,R_2D5fMeWQv3Nhk62,,,,,,,anonymous,EN,Yes- I consent,,,,,,,,,,,,,,1
2018-11-01 13:42:36,2018-11-01 13:42:57,IP Address,134.192.250.68,8,20,False,2018-11-08 12:42:59,R_1M0CdOgh1uLPiLo,,,,,,,anonymous,EN,Yes- I consent,,,,,,,,,,,,,,1
2018-11-01 13:43:45,2018-11-01 13:43:53,IP Address,168.16.219.202,8,8,False,2018-11-08 12:44:26,R_1iliCuIvAJnOqBB,,,,,,,anonymous,EN,Yes- I consent,,,,,,,,,,,,,,1
2018-11-01 13:51:33,2018-11-01 13:51:50,IP Address,71.218.130.9,8,16,False,2018-11-08 12:52:01,R_1GQi3qwylvLHgJc,,,,,,,anonymous,EN,Yes- I consent,,,,,,,,,,,,,,1
2018-11-01 13:54:01,2018-11-01 13:54:10,IP Address,136.59.192.213,8,8,False,2018-11-08 12:54:21,R_2uNW0sbghK0uG0I,,,,,,,anonymous,EN,Yes- I consent,,,,,,,,,,,,,,1
2018-11-01 13:57:11,2018-11-01 13:57:19,IP Address,158.222.167.123,8,8,False,2018-11-08 12:57:19,R_3niQWJk6nj3MpbS,,,,,,,anonymous,EN,Yes- I consent,,,,,,,,,,,,,,1
2018-11-01 14:02:36,2018-11-01 14:02:47,IP Address,12.229.141.138,8,11,False,2018-11-08 13:02:58,R_Rq0CIc7VL88bxyV,,,,,,,anonymous,EN,Yes- I consent,,,,,,,,,,,,,,1
2018-11-01 14:35:33,2018-11-01 14:35:38,IP Address,107.210.162.40,8,4,False,2018-11-08 13:35:49,R_3PZRiTMX5l1HOF8,,,,,,,anonymous,EN,Yes- I consent,,,,,,,,,,,,,,1
2018-11-01 14:50:42,2018-11-01 16:03:27,IP Address,45.47.32.189,69,4365,False,2018-11-08 15:03:39,R_2tmchktSrqwmE6K,,,,,,,anonymous,EN,Yes- I consent,,,,,,34,Male,,Caucasian,,,,,2
